address,name,symbol
273f7f8e6489682df756151f5525576e322d51a3,MyCryptoHeroes:Hero,MCHH
2aea4add166ebf38b63d09a75de1a7b94aa24163,KudosToken,KDO
bfde6246df72d3ca86419628cac46a9d2b60393c,EtheremonAdventure,EMOND
79986af15539de2db9a5086382daeda917a9cf0c,"Cryptovoxels Parcel",CVPA
8bc67d00253fd60b1afcce88b78820413139f4c6,CryptoFlowers,CF
f766b3e7073f5a6483e27de20ea6f59b30b28f87,"Ether Kingdoms Items",IMPi
f5b0a3efb8e8e4c201e2a935f110eaaf3ffecb8d,Axie,AXIE
f7aa404bae09ad87660f84487526b5ae6961841b,"Coins & Steel Exclusive Item Skin",C&SSkin
5f5ff74b198e5095069cf132d2523dbae516613f,MonsterBit,MB
6b31a2ef5986d283332e4a3a608adb3c09ffdd13,"ImperialThrone Ticket",ITTK
06a6a7af298129e3a2ab396c9c06f91d3c54aba8,0xUniverse,PLANET
6ebeaf8e8e946f0716e6533a6f2cefc83f60e8ab,"Gods Unchained",GODS
1a94fce7ef36bc90959e206ba569a12afbc91ca1,Crypton,CTN
12d46d45a7762df53e8c92e43b48ae40e1541f68,"Coins & Steel Founder Aura",C&SAura
06012c8cf97bead5deae237070f9587f8e7a266d,CryptoKitties,CK
5d00d312e171be5342067c09bae883f9bcb2003b,EtheremonMonster,EMONA
36f16a0d35b866cdd0f3c3fa39e2ba8f48b099d2,"FOAM Signal",FSX
960f401aed58668ef476ef02b2a2d43b83c261d8,"Dragonereum Dragon",DRAGON
d73be539d6b2076bab83ca6ba62dfe189abc6bbe,BlockchainCuties,BC
fcad2859f3e602d4cfb9aca35465a618f9009f7b,"Dragonereum Egg",EGG
f87e31492faf9a91b02ee0deaad50d51d56d5d4d,"Decentraland LAND",LAND
61c81bab9f7094a038e645b8a995f13c4e102480,"Coins & Steel Exclusive Item Skin",C&SSkin
5caebd3b32e210e85ce3e9d51638b9c445481567,WarRiders,WR
4a152c146ec60251c50817e2cff25700d6b711af,"MTArtefact Token",MTAT
84ac94f17622241f313511b629e5e98f489ad6e4,"Crypto Pepe",CPEP
129f96168333e234b16739cfd407d5d97e1aacc1,"CryptoPioneers Island Token",CPI
7fdcd2a1e52f10c28cb7732f46393e297ecadda1,HyperDragons,HD
ce890b99a8987145b3bac7f5eba4a8bda8f0989b,CryptoFoxes,CF
323a3e1693e7a0959f65972f3bf2dfcb93239dfe,DigitalArtChain,DAC
293c048ad1fbb34da180d5c085e0d2263594ebda,RiotCatsItems,RCI
5d0ee539893323f9965e3ac2846ea6421255ae79,HiPrecious,HIP
a7fbee5add950a8e7fefa9685a7ef496051a1906,Bitney,BTNY
07712e925a753da463d3be2f4731957857dce42a,"Fan Bits",FBT
72c2ad1983492bdb35149677a49507ba026bbde0,"Ujo Badges",UJO
8c9b261faef3b3c2e64ab5e58e04615f8c788099,LucidSight-MLB-NFT,MLBCB
09f3299ff6f24c1c089a42bcda4b8d0ab497857c,BLMPTest,TEST
b80776700778e7415da08ef65fa389f75737fb95,DigitalPrintImage,DPM
0ec252a9620cef9660829b6f1963bfea9d9aa2fa,BlockchainPets,BP
f42ed50058b88a063f8bb4060fa6dc269d90b5b9,Champ,MXC
5cc405c0c6b9381b4fb9fb30e7699dd1ae55ab37,EEECOIN,EEEC
f7a6e15dfd5cdd9ef12711bd757a9b6021abf643,CryptoBots,CBT
b804c2b01625426d7e8a63d4f5239676fefe4975,"Zach @ Mintable.app - Business Card","See my details @ https://mintable.app/manager/ + this token's address"
fbeef911dc5821886e1dda71586d90ed28174b7d,KnownOriginDigitalAsset,KODA
d2f81cd7a20d60c0d558496c7169a20968389b40,Etherbots,ETHBOT
ba5a17f8ad40dc2c955d95c0547f3e6318bd72e7,"RCN - Nano loan engine - Basalt 233",RCN-NLE-233
2d9e5de7d36f3830c010a28b29b3bdf5ca73198e,MakersToken,MKT
f886313f213c198458eba7ae9329525e64eb763a,"Decentraland Invite",DCLI
cfbc9103362aec4ce3089f155c2da2eea1cb7602,CryptoCrystal,CC
a753355fedcb30bc4a73491067f3a33470e7d280,RiotCats,RC
9b0673683dc660296f1f8a5628208e352df2c311,"ETH.TOWN Equipment",ETEQ
41a322b28d0ff354040e2cbc676f0320d8c8850d,SupeRare,SUPR
12166e8ab10d66f1f1d01cbb6ed0d2246f990d8e,PowPandas,CTN
452b2bc7c94515720b36d304ce33909a8323f3e3,Hedgie,HDG
4fece400c0d3db0937162ab44bab34445626ecfe,"ETH.TOWN Hero",HERO
d4202b234c15255bf0511d3380e83bda9172a72b,CryptoCows,CTN
0c6644c9973593b6a4c9c0af1af88f6b29ecace9,GuldenGorillas,CTN
271a0b465d5b453bb835afd2d671c76b2b76900e,DappDonkeys,CTN
dcaad9fd9a74144d226dbf94ce6162ca9f09ed7e,CryptoStrikers,STRK
a8362d0f4c4e75e083cbc9275ffff7eabfca8a6d,BitPony,BPY
d6076efe1e577deec21afab6ed383b47e9d8dec6,ExperimentalNFT,e11nft
428c28811febd2a8a1deb6b518cce77da2c094b3,Rocks,RCK
ecd6b4a2f82b0c9fb283a4a8a1ef5adf555f794b,"Cryptant Crab",CC
4bd6a870c71a36d06d03f0b5fb6cac012ca13397,Cubegon,CUBEGON
a855fa57dcbcf4a7a9ec8a9485b4ab64ff7fd772,PetCraft,PC
f26a23019b4699068bb54457f32dafcf22a9d371,CryptoDerby-Horse,CDH
4f41d10f7e67fd16bde916b4a6dc3dd101c57394,Flower,FLOWER
fc249b4a5ada66c25392c10b8f40ad284b6f185d,"CargoX SmartBL",CxBL
269e1e99806ca06f53dde2fe20656db82a341349,CBBF,CBBF
0111ac7e9425c891f935c4ce54cf16db7c14b7db,"Chainbreakers Items",CBI
552d72f86f04098a4eaeda6d7b665ac12f846ad2,"Dark Winds First Edition Cards (Revisited)",DW1STR
a98ad92a642570b83b369c4eb70efefe638bc895,Fishbank,FISH
b6fc6e2385d55ccb83e297bd92e2bd89795b47a3,GoPony,GP
40b41a2d4c5fb2da3e08b0a1bbd361b5dd1f7bdd,ZenArt,ZAT
5536b6aadd29eaf0db112bb28046a5fad3761bd4,PixelCons,PXCN
52e72ea20d7e553eca1842e7e94bb6a022ee1871,Vehicles,VHCL
9d9c250311b65803c895cc77f878b8092019dedc,"Player Tokens",PTI
71c118b00759b0851785642541ceb0f4ceea0bd5,"Chibi Fighters",CBF
707124f19fcee9bcd73be055aa700dcb2dbaa9f2,"CryptoArt by Koei",ART
a068345a625542fe49c299c8df309a920a184200,Cryptons,CRYPTON
8c55b18e6bb7083b29102e57c34d0c3124c0a952,PlanetCrypto,PTC
abc7e6c01237e8eef355bba2bf925a730b714d5f,"CryptoSaga Hero",HERO
c70be5b7c19529ef642d16c10dfe91c58b5c3bf0,"Mythereum Card",CARD
a01a45394d98a67be493bcfc62a308847e6eb7fd,,
d79b3d20bf9e9d54c4da992fda0b52861fb67575,CryptoWarriors,CW
659777fa17fabed00c66358436bf62a0c9563fb7,"TVPremium Token",TVP
a307b905140c82b37f2d7d806ef9d8858d30ac87,"GuildCrypt 0",GC:0
102c527714ab7e652630cac7a30abb482b041fd0,CryptoKaiju,KAIJU
ea9d5c5f5c266893ef1e5dad902a02b24b858096,"CryptoArt by Hanna Rose",ART
00bf70e1ddfb8984d0af9af4b29ad3ec40d4b84e,"Parsec Initial Ship",PIS
b88924408a95917c75de67fc9fbdc4af992979c3,CryptoHorse,CHC
e976d6c97330b59669a5e44135ac0508c78b3195,CBDE,CBDE
cfdf325ec4961b99f55685dc9cc0ffb30bb759fc,JohnnyDapp,JDP
05dbbe4baed86d9b1da83e67dea6326e2617dad2,LucidSight-DODGERS-NFT,DNFTCB
df5d68d54433661b1e5e90a547237ffb0adf6ec2," Arcona Digital Land",ARDL
86e4dc25259ee2191cd8ae40e1865b9f0319646c,CryptoRome-Land-NFT,CRLAND
50aebe452bb7b3930b2c3f36696f3c1720024172,"Crypto NYC",CNYC
a0ce9055a63159995e388c01bd9a0dd7bce94e6b,"GuildCrypt 0",GC:0
0d59ae1af62ceef6f31f38df881911b408e114bc,"Luggage Crowdsurance Smart Token",LCST
efabe332d31c3982b76f8630a306c960169bd5b3,Cryptogs,POGS
54e2d36baefd10daaf3fefd74add2d8c60e89ca6,AccessoryCore,AC
f9b6e3e9ae83dcadd2bdd422fa810ffd34492264,Nifties,NIFTIES
a6d954d08877f8ce1224f6bfb83484c7d3abf8e9,Ethmoji,EMJ
011c77fa577c500deedad364b8af9e8540b808c0,ImmortalPlayerCharacter,IPC
036570162bc64a4e1201f1ba4a3fcd87e35b0b2f,"",""
8e43d7a5c4b2de24b728deff0e666fe674b3ca91,CryptoHorseShoe,CHS
498757d666008ccb0ec5cfc790c5b7416659a741,PhiliBunny,PB
d112f302969901fedd28756efe8170b80c746ccc,CryptoPony,CP
9abf1295086afa0e49c60e95c437aa400c5333b8,"Decentraland RCN Mortgage",LAND-RCN-M
8466730da0d53ceec0d1f564dd462713e676fca6,"GuildCrypt 0 - TEST - 1543864988367","GC/0 - TEST - 1543864988367"
6fdc09659004d9420283d771d887543f89ba1537,"MTComicsArtefact Token",MTCAT
bed1804038651c47c3fda985fc1444db53e9a408,AstroLedger,AL
0ba000163959726c90d41c804386d37718d5edc8,"⚔ CRYPTOHEROES GAME ⚔",CRYPTOHEROES
69fe5b1e12104d7fd87cd290a64aee2fb14d9d1a,CBSA,CBSA
5e03da98f8257a9e0c64b3ae430aa870725dcf97,"Bitizen item",ITMT
4646dea7e251fefd74e3fac63c63be6e6efc721c,Nfties,NFTIES
87d598064c736dd0c712d329afcfaa0ccc1921a1,CryptoFighters,CF
772da237fc93ded712e5823b497db5991cc6951e,EverDragons,ED
a6dda780878d48853fe6cd96c7c1ebeaed7bfa01,CryptoAssaultUnit,CAU
7eda2301cb535e2ea8ea06237f6443b6268e2b2a,CryptoChars,CHARS
7910254cee5cb6bdcefd9b8ece1d0e59b6daa1d7,"GU Collectable",TRINKET
f097d02e306a582f66fc43e103aadd7321ebadea,Amir,AMIR
943108bcdd1a2d5bad75b31d0b421b8170fd1192,,
b628c2398b1a00659b69111bc98760d311cf156a,Cryptomus.io,CM
ffdf17652cca46eb98a214cb3e413c8661241e49,"CryptoBeasties Token",CRYB
e4f5e0d5c033f517a943602df942e794a06bc123,,CSC
663e4229142a27f00bafb5d087e1e730648314c3,PandaEarth,PE
57cdee8a9658f364553fe89ba200252b00ad05d9,HashKingsPlanet,HKP
90356103a61f36c9391873bde8a4e46d9e9c7bd5,GuildCryptNFT0Test1543852725567,GCNFT0TEST1543852725567
15820072729d045ec5232ba3bd060ec5df38e09a,"Tavern NFT",Tavern
7012a5ada4cee1d0bfb9f93d0f4ced094d6e8577,"WeTrust Token of Appreciation",WTOA
8f3061739ee46a2ad4e3a6967902c2e4c3aaf894,"TVCoupon Token",TVC
7900fb87c8574e0f73fa08b9e7636eb06c951c01,Miraco,MRC
bd4573cacbbbe1db6ee201d4783858a94c501995,CryptoFlowers,CF
be4dca67d318f572869ed8845fe1d3869f98ed43,,
4201db13824a50a11f931169b2f0bca9cac23614,"Age of Dragon",AOD
f15f61643eea73be40ad9b72c09ed381fac7a256,"Fishbank Boosters",FISHB
039aa4ed1d950919382ca595ab2e28b4fe823c8d,ieugh!?!,IEUGH
13793e8c72f81999fdc89f2731c9a4c895aac2de,"Crypto Dates",CD
bace7e22f06554339911a03b8e0ae28203da9598,CryptoArte,CARTE
8b50585ab60ed248ee7493ebcaef7d99bf5b6a1b,"Nanosatellites Cryptocollection",NANOSAT
96e666c387b1d25b490a33cdb5a32b8a1f91d3b6,,
b33e0e4cb07425824aceb62caf4e5dd03da0f6dc,"TEAM HEEM COIN",HEEM
88cd4ea49738b46b436efcdb436ae179f717afdc,"Mittens The Horse",MTH
7d0bb7a2fdc7e15e2937226670f1622931459660,CacheAvatarToken,CACHEA
fb2397daa1851ba306cee0bcad859959f63aa4f3,CryptoVideoGames,XGAME
eeb44282ec7cac91a324e40d24efff68d88ec5b6,CRYPTOCHAINER,CCCCC
6a2b112e5314a3462a3df18c0b73a2de14fd6b06,CryptoFlowers,CF
51b82b7b50a328021ec1e49e7c84ecb3054754b8,"ImperialThrone Ticket",ITTK
61b81103e716b611fff8af5a5dc8f37c628efb1e,cyberc0n,CYBERC0N
c0085b63ca41d8f323bffa305071a367968e1063,"Coins & Steel Exclusive Item Skin",C&SSkin
00650ea64d5c226755a6a6976a774a6f2fdf8c13,"Last Night",LNC
e631c110cfd301b0faa45a3d9ff597ee6e5ab756,,
df203118a954c918b967a94e51f3570a2faba4ac,SuperCountries,SUP
e0eabad885f91e082c5a36582192405a6c8b73fc,"tumpin by jeffrey alan scudder, 2017, 32 editions",lgtumpin
16093acd98380bcf3621977ec0f06575ecadc32a,Raiser,RAI
33378513b9f9406a43f6b0e7ebb7f0439a33d686,"AC/DC cat",ACDCCAT
2a363d2014b735a3195b07da63a5ac7644b36692,"Pokemon cards",PKE
e9b9480767774ccb29f3502629bfab1ed74bee36,"BitSoccer Player",BSP
a1621e8269f303874298dbef1bb59d20d705af1c,"monaco mix by rita vitorelli and harm van den dorpel, 2016, 100 editions",lgmm
6da897fee3a45631537b7db660dbc1779b5cf0db,"Coins & Steel Founder Aura",C&SAura
cc9a66acf8574141b0e025202dd57649765a4be7,,CSCPF
da9c03dfd4d137f926c3cf6953cb951832eb08b2,"WAR Token",WAR
b12e260275bcd28e6f8820666ba02c67c9600843,ExoPlanets,XPL
37b99aabab9e6d8fd70b4255623b2aa7eb92ec12,CryptoFeather,CFE
1680855238bf0dfb458dcf46ceb146b18ef65bd2,EtherDragons,ED
260b77a1e1d2902ca175c51fd0b7129e5e11ef0d,"CryptoArt by carillus",ART
e7049a081f67f1ff4bdbdbf4c48c547d24c48f41,CryptoCare,CARE
842d8b7b08c154adc36a4f1186a0f401a10518ea,"autobreeder (lite) by harm van den dorpel, 2016, 100 editions",lgab
c662393593eb276487f215169b4d57318bf08ae2,CBSP,CBSP
4de397226ecf480d7ea1873f7ee0295c4616cf22,AliceInWonderland,ALICE
96313f2c374f901e3831ea6de67b1165c4f39a54,"John Orion Young",JOY
4d3814d4da8083b41861dec2f45b4840e8b72d68,CSCNFTFactory,CSCNFT
4243a8413a77eb559c6f8eaffa63f46019056d08,"Cryptovoxels Name",NAME
3041d13e7c594fcc7f7221488555337983e3cfa6,"Letter Token",ABC-L
53eb46a04ccc8e38327bfdf13d891df25b551662,"Mintable.app Genesis",MINT
35329632d9863fb2ba3c29643cefeb530e34b5a0,WeNFT,WFT
babb155d2b739224bd7cb412790ea6376bbeda81,"Mintable.app Genesis",MINT
58e80f54c86b6df98814cc274893534c0f7785e8,CryptoBulls,CTN
ed023b117953fcfaa92150d3ebe3e987d19563ce,Hero,HERO
6338191071747abc74d7644d71b49c07289b1eff,HodlHippos,CTN
aec5cf7fa497c2b27a6f37ee0c817c619b42c03a,GoPony,GP
fc6e40d37052dedc721516df9a4c89aaefe9597b,CBDH,CBDH
bb5ed1edeb5149af3ab43ea9c7a6963b3c1374f7,CryptoCelebrities,CelebrityToken
bf8a84de5dcc0bd5792026bfdebfc75d9675a363,EtherElephants,CTN
56267bad5224eb3ad0b514abca5f17e42b221f02,"ever test token",ETT
b69942ce8152cd07463d12212af8e7f1cdfe507d,"midu medal",MEDAL
e58af3dcbe423c1e330f9d6e61cd47cb530239ac,StaryFox,SF
739039c187655590367f96158201c941a61d440a,LiteLlamas,CTN
3012d31fcc4b6a7fa03bb0af1fba9639f405edea,"CryptoCountries.io Cities",CC2
4ca6762fac9476844d41409b0ed67ae192212ad4,MyCryptoHeroes:Hero,MCHH
68a7066e377e533155f56af89e4c9c0723f20a76,blockv.fym::MusicPlayer::v1::Sasha_TheMove18::v1,Sasha_TheMove18
cddcc63883683a3e6d5537d0b47074c3accc790e,"Star Cards",STAR
dfe0e36ea59dd7bcf8e72b3aa38d7ff1f472f1ce,CryptoPets,CP
4365f2314a2b8016ee250a927a78d67d10387b9b,Oda,O
8154e568335259b85eff9addd032e58b8bfd5d9f,EVERCOIN,EC
826bfd7c76625d9d28f5465dd1dd31a67c676332,"ever test token",ST
5b6660ca047cc351bfedca4fc864d0a88f551485,,
fc16edb70ca7f8a0c2d0571bcf59df8ad3e49d82,Oda,O
3347521c33bcb5f60a03bb8505a2ad7693342a77,"CryptoBeasties Token",CRYB
7f737b66921d18b008dc9c3a9b933a3bf559f1bc,"Interface Token",TOKN
15c428399fc01b90b546be4f5052b2fc8623082f,Bitizen,BTZN
425492e8c742c2cfb87eb2eb96b5eb9d6f6e6b56,TapKeys,TTK
8836526ea239bf4e860cfa9ca867b8c134dc5536,"CryptoArt by Ukyo",ART
d532375971258953263218994966e2a0a3d5c18a,ZethrGameDividendCard,ZGDC
b71b092367b638b93bac3e0a2d5c7f411e9c89be,Cryptogirl,CG
7c93f0e4096dceec5dca5c21124c1dff5d0c2be5,"BlockMagic Items",BMI
e6ae498d5608662277f30ad5bb3391eb103c6975,blockv.heineken::RedeemCard::v3::LAFCHat::v2,CVHPrize
30a2fa3c93fb9f93d1efeffd350c6a6bb62ba000,CryptoMotors,CM
5c7b19f83ac93d8268da02cc06cb61089d6d952a,"Bitizen Lambo",LAMBO
e897e5953ef250bd49875fe7a48254def92730b9,"Fan Bits",FBT
dc836338f6602aa81c4888ab4144fc85bb835f4d,"Coins & Steel Founder Aura",C&SAura
f7f6c2836293a661be2690fbacae97f3f027e9c4,,
6be9894bb589e7d7656a7805040144bbf157bbaf,FABGToken,FABG
605fdebd3b51eb671723cce98eb5d7b227b04fd0,"Tripio Room Night",TRN
4524eae298083ad4861df888928d433a14b9daa3,"Certificate of Rinconada Ownership",CRO
35f7319878556806e9f5b66f9d3b4506c16d3bbb,Ticket,TKT
54ecf8024088ce6d4895871e85d2d28f73f3fce8,"MTPanel Token",MTP
7f188ae034f8cca9d5f6a03d35fa02302060df82,GenesisBadge,GB
8d9588c080e7bbf2c0ab00337844f252f851bf85,"bubamara ocr by adriana ramić, 2018, 100 editions",lgbmocr
422401a78d6fb4727f96cc435884ecf5ce16f527,FollowersToken,FWTK
b56c67c1dd55bee60dfd4c7c7b4c42826183a7de,"pokemons cards",pke
dde2d979e8d39bb8416eafcfc1758f3cab2c9c72,KnownOriginDigitalAsset,KODA
89be28ea3b9a24885e343674f25cd8444fd692e5,"BlockMagic Skills",BMS
1a5334f6a8f851169ae0f35585690b746155f57a,"Testing Idea","Token ID: 265985"
4802b4858e22a91a4edbfa1c1a639c70801d02e5,"89 seconds Atomized",SNP001
ebc8b98193782d61a4a54bbb2ec5138e4b5e40c5,"Shameless Promo Token",SPT
970e90db5bfd3e4dea453fb061e1146ee3e23df8,CryptoGiftToken,GIFT
25a48cec6acd04e36388f50dc69eb4e7d7ee0fbb,CryptoJockey,CHJ
3a1957a0b9755d78c77e301410b254b6147a400c,CryptoServal,CS
b6d80a462a40b39da0a0d0f7101ec97f52a9ef24,"Ether Fairy",FAIRY
da553e6b2ce8b234cb9acd57913a4df36f5a4161,Ethernomicon,EN
77d90b099ac40c931a2a27206691761ed4dd0837,"Summa Badges: Dutch Auction",SB:DA
6e03b32f114e99fd6a4d8a48062dd62104796294,CryptoDungeonsItem,CDI
a046a559c8aceebd24ceb54e4c0cd310347e97d2,CryptoTakeoversNFT,""
826f6d1242231b70832d009f7d2c99a0ca8b7a12,CryptoPoos,CryptoPoosToken
18adafe1e755da4824e4f977179e8b0f06981688,"Volca Test NFT",VTNFT
3b91945d05a9dd76aee0cce4ffa22fc730258e7f,BlockDAMTest1,BCDT1
c75e132cb0079b1a1109f7fab7aef2c9dd334140,"DeFi Badge",DEFI
e9e3f9cfc1a64dfca53614a0182cfad56c10624f,"Su Squares",SU
589da521a764e977005a4fbd7a0e1b9593c1c62d,"TVArtWork Token",TVAW
d6426acbacb78acd426213974297d91e8edc5842,,
25ae40c6ba9afef83a9843cb3296603a14b8f1ef,CryptoDungeonsHero,CDH
11bdfb09bebf4f0ab66dd1d6b85d0ef58ef1ba6c,MakersToken,MKT
a8f847dade4f90f031fe98f110472994e71b2d27,"CryptoBeasties Token",CRYB
388f220698e807f8ead96755763c04341eacd016,"CryptoSports Football Fantasy Sports",CSNFL
f24c63438ae11cb3facb84006f4cfa75458126ed,EtherDogs,EDOG
4667d8bc5232819558edbdb8fafa3bdbc565972a,"First Mintable",1st
ffd0b80c0a070cde7a11034fb4cf393637be0a61,CryptoFlowers,CF
7c1231053af06c5cc1b49148b675df0ccfb32c0e,"Robots Crypto",RC
419a4d92bac90ed08a2bfc905c78963a5a33bfaf,Fractional,Fraction
8f51c7534a0d3474e5f90a230b2d83211d2c4484,Proof,"Azelo Proof"
6be0d2aea0922e2b198c6c92950bb102da990342,CryptoLibraries,CL
c036f5b094fec00350ae8294a0c99198e31fa8d3,"Summa Badges: Dutch Auction",SB:DA
f97187f566ec6374cb08470cce593ff0dd36d8a9,BMBY,BMBY
c6e0bb587c58a8695e01266ca026db2cab108318,asdasdada,dfghj
499b08a56d921ddf932bc78fe882134c4a1b0b87,"E.T.H. Quarter",QRTETH
ed259e0a65cff16f8424eed1bc3f4100a0fd5079,"My teaching certificate","id: 3265632"
cf946243fc6e00756a30c57d835a54884f82f923,"My Teaching Certificate","ID: 32651594"
e15154754afc5864514c6d6d336e9e09bcc01014,"Summa Badges: Dutch Auction",SB:DA
f9d020da5a6709399c8cc6c9cd5b349bac285aee,blockv.heineken::GoosebumpsRedeemCard::v2::Goosebumps2MovieTickets::v1,GBPrize
9c414bfc14a3fe651cd183b601bb6265662661a4,0x4d696e696f6e,""
003ad9c18bc279f40632e7e5de2fd213931215d0,PlanetCrypto,PTC
f6e714bb56ad2050becfa8fb1395a87fbb40a774,"Shameless Promo-Token",SPT
995020804986274763df9deb0296b754f2659ca1,"Ether Tulips",ETHT
1041b8f0c69e3d02256d390294a6a538f07ad42d,0x4b617272,""
7686efa54e06a44b32bb8bfb99f44402576d315c,"MLEW Certificates",MLEW
d858de9c9c1dd819062ad9d7717d3e562c29e0ab,BitSprouts,BSPR
b4e429800282b0d5d5e044b5e72231833596fde6,"Hero Token",HT
0a67423309fb40f046447fcf7cd6fb4872abe297,IWasFirstRightToken,IWX
31af195db332bc9203d758c74df5a5c5e597cdb7,CryptoAssaultUnit,CAU
ce171737a4938ba988536d0e3847dd7dc879f34e,ARTPOS,ARTPOS
862adb061a28df5b314bd7753e5caca27de94509,Document,DQMT
585b28d86e15ca772b322fcbfbc7dadb91e497fe,"MLEW Certificates",MLEW
d973e05a6db3206b8a5f17cbe34a6e0e5f1634cb,blockv.uk::Collectable::v1::InCrowdLordsConference::v1,InCrowdConference2018
f354d96542dab21c71b7a100b7ba9bbd56fd9f77,LetterToken350,LetterToken350
1b5242794288b45831ce069c9934a29b89af0197,"CryptoSaga Card",CARD
9e4e75c931a562a0914824e0e66d8224719fcc3c,"CryptoArt by cyan",ART
7a58b34e038627bb747254d52d1c25241b1cca8b,CryptoMayor.io,CMC
9f911a2b275f03a0c87876aecee1df4028ed4db5,"Shameless Promo-Token",Snark.Art
a7e43a1959e6b05a899dbb2caef34f475de31fa4,OK,OkjaPoniesEdith
3c029e16d2e3ca5530d8cb0ae51e16c680b08f61,HNZNToken,HNZN
ccb65ef80e4881e13cd14223ae64f94de692c685,0x50697a7a6120526f62,""
e8f6f556d571d149a4156aeb642a3acc7e966fe8,"left gallery token",lgt
69b47e2bc52fa28fef7bae5a89a0421126bd56c9,CCNFTFactory,CCNFT
024008f43b1956e111cdb88a76b517cb4b241c7e,"HyperLoot Protocol Mining Token",HLPMT
0c15d535f8c21d6f3a03dd46ae23a07e5d897c80,dAppCaps,CAPS
d2bae9a30a40376d25353773010ffe52dba0d688,"CRYPTO HEROES","CH ⚔️"
54a15e4e9ca797a8cfdab042c1fbb6ac43148122,Solomon,SOL
27a31a415d350f5366c8cef572609921421a9910,,
acf466567114ce47e4615f527d4dc4020a81438c,"Crypto Ninja Game Ninja",CNN
dfe6beca1e3cb35f051276d713e420de5de58577,"Crypto Ninja Game Castle",CNC
2e7570255ac8c449217fb15405fac01f5408d114,CryptoRomeCenturion,CROMEC
85e4cd785887cad7c6be93f2f34d5fa683f9bfcd,"apex Solids",APXS
d8748daef6e1e5ae3da889efdff549ca331f7093,kanojo,KNJ
d1d89e3a49e50f5a05f1de017b607124c23611d0,event-listeners,lgel
6e10e8f202ced220791043df74aa84615caec537,"Pirate Kitty Token",KCT
064ac3656da6861905a7ed68a0a03d88706a5d02,"Guarda Pumpkins",GUP
22dae491b4447c47aefd397d2faf668c3db958e5,OpenRentableToken,NFT
13bf0f21aed8096518bab881c3700097bce35e36,ZomaSeriesAlpha,ZCA
8a27a854b99ca49e632c0055ca15f7e97038cc03,blockv.heineken::RedeemCard::v3::Two2LAFCTickets::v1,CVHPrize
f9d9702d031407f425a4412682fdc56b07d05262,WallOfChain,WOC
eaa1ed00c7f9dbf6dd0c277644734c2afde8ea24,blockv.heineken::RedeemCard::v3::LAFCHat::v1,CVHPrize
9f5791277dfa7884620c688687351fc5423ec935,CryptoPonies,CP
1ce3378fc14c31c422382bced3651745a37013a4,"CryptoArt by testingazap",ART
0c507d48c0cd1232b82aa950d487d01cfc6442db,"EtherCountries.io Country",EC
7fcbb56926d8c0ae2dcd86308548c7d9169a52c8,FABGToken,FABG
3b4f45fa2ab28310c069cce1d1cc49d5d173d74c,"CryptoArt by naitowingu",ART
0c7cabc5d47b638918f51458215eef0ac8c64358,CryptoLand.gg,CLGG
3bcbd2093e991363b98cf0f51d40fecd94a55a0d,DopeRaider,DOPR
a45cf0d39fa9c1fcf848a4c6c58bf8030278dda3,"CryptoArt by Seerlight",ART
32f1b4462c8bb1e554e7ace95d64da0bb3667e99,"CryptoArt by Poregorn",ART
f7ddc72b2b2cc275c1b40e289fa158b24a282d90,PineappleArcadeTrophy,DEGEN
a9266a129eb21be663b6afb9788beb8839d238a5,limitedcards,LC
3bf3d4e80b91d2731abcb154c21ad35abb417fd2,Etherpoly,POLY
e78b5cdbf2de2233909b8eb00b38c30148dc9144,,
e560f2a565a057aaf5d6359cd627e1cb01999752,CryptoZombiesBattlegroundGiftToken,CZBGT
ae42410c62e8254429e0fa06a4f965ee7d123eb5,GlitchGoons,GG
e81a93e090432f37675415dcab418efcd936d766,EtherBoyGiftToken,EBGT
38ec415cea290b53a12de871a1d8eb411ef336a7,"Crypto Bunnies",CBT
da9f43015749056182352e9dc6d3ee0b6293d80a,EtherLambos,EL
43c9b7b7ce699ac2c1d3aad3b5a78274a0f9c86d,,
7287bef78619e10c32a1eee82046fa3c4a29f17d,CryptoPorn,CryptoPornSmartContract
a194db10efe05d885f98437141654a2d9c72a180,EthHuntToken,ETK
34d565bddcff2dd74bc98e056ebd32dd5f5e1d34,Artifaqt,ATQ
570843e165c6a24cb6183c251cd7d2c6ecebbcdd,"",""
bccd3dbdbc9ba6ca60c7da50f2ed720310df8ead,OXXQ,OXXQ
c1f33de2e940b4721b12b87f9a72966f5624239f,"AS Key",ASK
2f12c296f125ce4f2cf91687e3f8eb414696d7ee,CloneHumans,CH
c1e23296d21d5abde659d8265ca986ac0e6af995,IMP721,IMP
953d066d809dc71b8809dafb8fb55b01bc23a6e0,"THORChain Collectible","THORChain Collectible"
bc5563de646ca6c6d7e2f7cc44ffadf1b5b614ef,CryptoDragons,CPD
b64e6bef349a0d3e8571ac80b5ec522b417faeb6,CryptoPuppies,CP
a652928c48f2468283711d83b786e1f839ab9141,"",""
542fffa898f4c18ff2a519604977d9b7a41da0be,CryptoDogz,DogzToken
a1ee2fd3b11ecc76facc2803bf144dd4246aab41,CryptoEquipments,CARD
f5933134e28618dc080e6f106c859d13fa14a2f4,OK,OkjaPunksLeonie
1faa7a1bf2aae3650c3755504b91c2fa62c08606,Aaron721,AARN
879108924da7d6141c3f3e99da47c305c37a5839,BCGTOCollectible,BCGTOC
3a9f0d590e2cba230fbaf7d2f3217418fe59c536,blockv.heineken::RedeemCard::v3::LAFCScarf::v1,CVHPrize
f4d9000456bc1e8922a18f3d58c1036aa1afbbc2,Bloccelerator,BLOC
6f3d1879cd84fa1a7eec7fe936af6a84b67f4567,dAppCaps,CAPS
c1c86c8568858912974a5a3a08ef7302e9ccc4df,"AS Key (Testing)",ASKT
d071d60e5c0d0633a3cf633b41b6c8ccdcbffb4e,"Reptilian Elite ID",REPTILIAN
41f2efdcd15eadf974d8f9bea14c2936823d095f,CryptoSocialMedia,CryptoPepeMarketToken
c82b43b7021824a4162ce1acdddbb4fa69bf66fa,KudosToken,KDO
73b0ebea28f76be1368d578d13657354330472a9,CryptoArts,XART
5769aaa62896f3b90f3d6a86eebac1c302aba5ea,"Merry Christmas",CMT
6c837602c30cd67484b43f48ebf03191361703f7,CryptoStars,CS
08bf509f34cbeeaa1877435da6eaa44f74dc09c2,OK,OkjaPunksZhenya
6ee5dd2578608e91e9508431bf211726106df1a9,"CryptoArt by Sycra",ART
48a0ae6c6eee143f473e8c8e329ac0e790afbd87,Birthstamps,BSTAMP
5baef8370aff5371b9fd54f1a9289a137cb7263a,OK,OkjaPunksTimon
8fdea61a194d42e1f46f168b4b52eb6ad95dd0eb,CryptoPuff,PUFF
f1955cfadb66de76b0633f5fb5e33a2d5af46fbe,UTS,UTS
b763dd5cf99b56a75f4ff8809d5afb162b01430c,MyTokenCollection,MTC
f02a89db8d65a7bb8712996d63779f4731257b18,SuperFan,SFT
ba3fe830d62d86458024f2779675a2edc25ee9f4,"bedroom cuboro stacks by sean lockwood, 2016, 100 editions",lgbcs
c90816cf1eca8cf8f4b2ef7c67d7a10da77ea4eb,OK,OkjaPunks
b5da84cdc928765c15a8192bf3c6649e7802772b,Dottabot,DOTTA
6e67e6baa0c2176435eb036c1f17fbca216d8f39,EtherWarship,SHIP
3de5bfa6aa23ab8670c0ac04cf5f6fb992a3870c,"Power Nick",PNT
9894f76732eb3ee41dc859b61eeddf5369469784,"file by ryan kuo, 2016, 100 editions",lgfile
1ef22ca17603876504fe4d9f13b2ae5b1690343f,ARTPOS,ARTPOS
8bea25aa3949a905776b7af103d18b058235190b,"Token Tycoon Managers",TTM
42b5dbf2da50f43956c527d8d4da1e413f950853,"Token Tycoon Wonders",TTW
31d4c5be1082a88f2abafea549b6c189c2cf057f,Aether,AETH
1dfa24e6b9abbd040c67055818261d7780d5a551,Ticket,EB
db52de58841cabf0d06ade89b6da4761e70a293f,dAppCaps,CAPS
92cb5f1fbabbcbdd891b9cbd8e9a056c8c1eebef,"CryptoCountries.io Countries",CCC
a24fbbd7f3ce4f27a842013bc3badf8ee5c448e9,Mythwars,MYTH
a7dc80fc2a566769e18512c426e2fa82436e9bd4,,
54cc27b4405fc9fab144179f40a0422c7d2d3cde,"TOY Tokens",TOY
5a7f1af0937b47733693ad05e2e6a33fdda7fdec,DGMonster,Monster
3b9cb1541f67ee45ead2198362a2a4538f37ba24,JZToken,JZ
7d152fe26431e6585dbff9ef37e375e49b862739,CryptoAllStars,AllStarToken
22c294bbf61c3c60a5271d245ac8c620c438e0e4,CryptoWaifus,WaifuToken
9fb413dd7ab95ce1ffce9fc93556d4b50cad45e6,"CryptoArt by Mikoma Sanagi",ART
399468d1dc0d219cb9812b1e1a64acdf9b677a0a,CryptoMingbi,CM
c8ff9b1025bc43dc53488687ef1840d437d413e3,"ethtrader banners",BNR
e025523bff25d354e4fda8c6d0c514fc50390482,"BlockMagic Beasts",BMB
5fbc6aeb4a868b0f930fbe34581188b7bff5ab62,CryptoFoxes,CF
4d2e61b2561e3115eb42382b0feeeddcfadc4ac0,CloneHumans,CH
025c4fddae757d35f35c307684b81e4dd056c2b3,HorseToken,HORSE
89062a82472fc92c8e3fcd43359b061e66c7f87d,CloneHumans,CH
a3f73b74c439a3ddbf6cc62e738fc5ab601769c0,"AOC Token",AOC
36a1e9d4b6193caa659993712f5bb3271a5dabdc,CryptoLolis,RMC
0b762b6df5940c6b55e21143142286c74299e174,CryptoCards,CARD
a22d2fa468bb6541b3ae3b44807e0295d37b2070,CryptoFlowers,CF
f4c61825399bb3144e6601ee2b8ed8f6334beb80,"Sushi Punk CryptoArt",ART
c43cd80936e12d5b6e6d9fe9c90f4a9549e76047,CryptoSaddle,CSD
56c72cda0b04fc39a25d0b6a64fa258fad46d664,KudosToken,KDO
5888345b59b217cf76d30db57d435e0a3b19fed1,HL-Report:Ijin,IJIN
f47abdc2ce6083b7bdfd769d8bbdec25a41da03a,CloneHumans,CH
c41594ce7bb0db33a03f52074a83116c080a43fe,"apex Amorphous Solids",APXA
aa3e4a3389c95432e4e22c73020570f1922575aa,"APG Solids",APGS
1be3aef51eaa08ef4952b0d8fb0abaa6c7290406,TEST,TST
20d7e82d98e0cb4ee2432a122f7b7c488eae7061,CloneHumans,CH
46eda14f419be11384f2bda783d12577a786ec49,MythWars,MWS
cb7229702b021a54bb01728e332ca28b56e99bf6,CloneHumans,CH
44cfe3cb995f6a28855a21a960bce9d595f9434f,GeneralEthereumToken,GET
8a8ec4cedf933dc983724c235fd4f4754ffbe6fc,HodlEarthToken,HEAR
f8485ef2ece4440f406d818e3b1ae8df98f7d1a5,"apex Solids",APXS
83036f5de022ce142b63af574dd88b8bea00912a,EtherStrike,ES
b0106ec91d80627baffecfb43797bf8d0f2dd54d,LetterToken307,LetterToken307
4df262a64ffe77f6b9d1862cd5d0cf52f6cd41a3,"apex Solids",APXS
2c2391f793f4f81475d87fffe366458ce5380a13,,
a33ab4b0c9905ebc4e0df5eb2f915bee728b8253,CryptoCelebrityBreederCards,CeleBreedCard
32ab24d79360075ccdeed93ab5905ea19f1cfcd7,"CryptoArt by WendiJane",ART
290d572f998f47084e2b6b49ccdf686561caa916,CryptoFlowers,CF
7982a79ee90eb3682dcee66e47ba79c1cba44062,CryptoFlowers,CF
677566868c765c89a5057dc8ee1e78c1b48d9897,LinglongCats,LLCAT
74bbed9bd87e339ad23b52ba8dd91b4cd216d080,"Radical Pixels",RPX
aafba0555828c98216a7254b8500043ab27ce4f0,"Star Girl",SG
15affbd9dc1bd70a931af89ce681518217c6c76b,"Ether PornStars Star",EPSstar
dca726c80520e9ae4bf1786a1fce32538ee11e79,CryptoMilitary,CMT
de48ce5d990293d22dc7da091e8aa8728f3203a2,MothThankYou,MOTH
687916447a60eeef9ecede128a042100a07ce906,Pono,PONO
8b38d7b83d8c4907aa1617bb51cac5b7f7378728,Edition,"Azelo Edition"
003075f0772cc6dd4957cc4fc03952bbb83729ba,"CryptoArt by Takashi Taniguchi",ART
30266d23c07b9865b805da455dfe6d0ab482e88b,"NAME DI83",DI83
fa4d14cf07b0e6c57437b3a8280340a5f19104f9,Card,CRD
aee0d7153ca6ee29ad56949d41aafcce788db555,"Coinbase Wallet Crypto Swag",CBWCS
14b76477739b4eeeab7af197f638d882373b8329,Mintable,MTB
417a8249d2f4f7aba246b14f4e95707a2e6fba38,Hedgie,HDG
ef108e4ebef1060d56396b2456746e525196bb3c,"CryptoArt by Applekun",ART
e8d082ec382c1ba7ccc7e14deff27c3ebea97381,Esound,ES
74ce62f642d491f87c2c6119dd6cc12a05434c87,"Decentraland RCN Mortgage",LAND-RCN-Mortgage
a99bc35f83bd05fd196dd35f39ba23353c3b106d,CryptoSaints,Saints
706163a2ccfdf9b851830954a64a21a4987edd36,ChildArt,CAT
cad71a51a57acf879f184944599a31d3c651eac0,Serie,"Azelo Serie"
b8d1cdcefe47834971067bb0b8249f45433b4157,"DeusETH Token",DEUS
ee371815c1f5912a86b707786e0f1b175e53054e,BlockDAMTest2,BCDT2
3ad214664c05a66bc8b61412697b65569bd8d956,NFTweets,NFTweets
bbab7770066b2a3ae4862c2892e672e8adaf428e,WBA,WBA
74723561089ad53f8dc166bdf14955ed9bb7e37e,HashLand,HSL
ab9fe9b7fc98ba58c15f70acc0a0597ca051e094,"CryptoSports Football Fantasy Sports",CSNFL
07425ceb890130497b0680ff878233f2dc15fd9b,GeneralSecurityToken,GST
b50cbce1e7b2f37b160b493e421f87a97473569d,"CDPack Token",CDP
1be2b8f5dec2f7487c20161ec052c9a655e0baac,ZethrGameDividendCard,ZGDC
63f6ad7a210b2d7ea12dfb5b5a1acb53c7c9e809,blockv.heineken::GoosebumpsRedeemCard::v2::Goosebumps2GiftCard::v2,GBPrize
6e75cb21b84c583fcc422d2fb300c626f84b0379,CryptoServal,CS
1b2ced22e089d752d2c27e90d95599a7a9699774,DappsGallery,DG
0de0c089ec7a927493084e5bc9d875cb20b24b28,"Proof Of Purchase Token",PoPT
5b19f3a2b92d9e1ac588f1db3cbdeacf80b7ca0d,ZethrDividendCard,ZDC
fed3300064c31668456fe1cd52c448167ffa023b,EtherMars,EM
b818acc3307fd45a461df55df75f3aa435682977,BitPaintings,BP
c55e5e72911fab07ef912c58e6dc168d73348820,,
fe9b5e8f7e8f6493f7d8532d915c9d53dffe9080,"Future of Trust 2018 Art Token",FoT2018
c22faf9f506e63e6f4f0088d15e9197b27c77ac7,,
ccf469b1807574460e16aed13930f00823a03b89,blockv.heineken::GoosebumpsRedeemCard::v2::Goosebumps2GiftCard::v1,GBPrize
8599ef76318dc3116a582ea20a37fb75b378fddb,"Mingren Token",MRT
fa9d471300b0a4cc40ad4dfa5846864973520f45,RoboHashToken,RHT
b064ab0f94cca73386059225a7203d4c6be07174,"youkai token",ykt
1bbc9c79e7bdfd5a384e1121d169cf89e59d170b,Hedgie,HDG
586bd269d48e98f53bc4f4895c7850402d16e35d,MyCryptoHeroes:Hero,MCHH
08e93f7a963dcb5f771225a6b341cd8958d0bc66,,
a67aac23549f4c672256b59b43ab0bacfcfcd498,"Mythereum Card",CARD
e2178b5a8a308922c97c69f7354acff525f2f3d7,"UniverseCoin UEC",UEC
548d32216d01617452892ea360bfce9ce8dc9729,CryptoChemistry,CC
90683e9948e49ffd3598dafa536c657f7f6edbf1,CobeFriends,CBF
f879332a67250da56fec7181fed23ec4c17ff7c2,CryptoPups,CP
c3d3916fae7c2b7519c79fa3a09e08fb1f42a800,MyTokenCollection,MTC
6d500e4b6565c3c25a6edd51839d52269e3d293f,KiddyToys,ToyToken
25073d89644d3b033f422949e70064c60fa05c3c,"TOY Tokens",TOY
117cb292e97a593fbca38b5cd60ec7144d4ca8c9,CrypoPizzas,CryptoPizza
991180b1d68addcb74861d5382c55e5280f0d05a,CryptoPups,CP
e7a8dd62f6fff322acc2670fa4ba940a17d9f301,BlockchainpetAccessory,BPA
88c1f00df493673f72aa0481187a0ff8c5ad0e14,EtherSpace,ESPC
360abb53840302d4b4b119d2004a856f1151366b,"Robots Crypto",RC
741b1410a48cc8e53905417003257555fbc98f7a,"Simple Exchange Smart Token",XRST
7afa856c0ed54c1a082e2383f79792392c876847,brdt.beom,beom
48d23a3682f68a5d928895a02eb08f4efa9d8213,"FBGene Token",FBGT
5884b4288ba1208342ba023ed88282d444f954b7,TestName,TEST1
53e3a7ec57132173ce615debb9a303fd2cd86789,CryptoCities,CityToken
60bc92bb373c43b477f442abf74a7bf0f43cb104,PUBLIZ,PBL
ce2a2a0e723a3c4ab225eda39bea1b64a8804784,LianPaoTu,LPT
caabaf1c3e8595c4603fdd3b64a3ece2bee18e4e,"BlockMagic Skills",BMS
d8114e9c66035b9cee9bb7374f39ad6751811761,"Tripio Room Night",TRN
688178d6a397b27d4121d524d17566eef2160c78,ZomaSeriesAlpha,ZCA
e264d16bcba50925d0e1a90398596ec010306e14,"Su Squares",SU
52a9700551128585f0d68b6d4d2fa322a2aeee47,"THORChain Collectible",TC
dd400df210ace692faeaadff75473490e7f0c9aa,"89 seconds Atomized",SNP001
ebe2e5b17344ea58e5324c8bff4f093e4cf1fbac,"TOY Tokens",TOY
ec30bc9f04f93691099efca17c4619976c9607e6,ZomaSeriesAlpha,ZCA
981e983f7ea0486195bce0a0460ba23e572d87ec,"",""
bdc2c64d9961017d7baa85e37ac262767147dde6,,
6ad9c45c7d058aa8568329fb58ced0a35e249b6d,BitPaintings,BP
8adfe7afc049d2a10b2b715b1d1d138e3f1865be,ORIGAMI721,ORI
bef1d5bffe34fd5076153ab715aeefce8d1e22bc,Kicker,KCK
2f415bc64fcea9feffbb20f42d3aa7e62647004f,CryptoKitties,CK
93c157f72f2a35f722fb7e71c52f6269cacd9f0d,"Crypto Celebs",XFC
718db2b2ec122b2f21ed8497d94a38771afe9b7b,ZomaSeriesAlpha,ZCA
726c90dde64ce2a61f743f3e39f9e14fb6ab87e1,"CDClue Token",CDAT
66cd13c981581e4355698b28055810f6854a199d,"r/EthTrader ProtoDonut",DONUT
93e616218a232df596e6a52ce8c23f7464b63cb0,"CDComicsClue Token",CDCAT
d6082fc0c5d9c9dfd9109685b82bc064f5885954,"BlockMagic Items",BMI
5e99515847d81bdaf4d750b3601802ed03dab0ab,,
2e680d091b6f4fdfb51518b02171df8010273b02,ZomaSeriesAlpha,ZCA
d8374a76d3c06b8fb41aa8b841d4f94abf5ad2c3,ZomaSeriesAlpha,ZCA
3d8349f106d85537774ddb6e34fe73cebe942489,"BlockMagic Items",BMI
3f59b4debf570f301eb4a554866a08048b1ea54c,CryptoStarz,StarzToken
8a59d729103a012bc30268814ebdd315cfebf68d,ETPandas,ET
8ade5d212fa36a8f24e4e336f45aa5e1a6dde39a,FishOneFishery,FOF
cef41878db032586c835ee0890484399402a64f6,MillionEtherHomePage,MEH
1080b0f884fbfb5032ece5333116afa66b77db9c,FindPlanet,FP
0e5ca8786b419f2927006dbe1ed36f628d751946,kanojo,KNJ
84a90e9b20214a466a5a89d4980114696772377c,ADCLoot,ADCL
99b5df47024ee4f1266e6fc4d20666ed6fbed197,kanojo,KNJ
ca8ff4cad5431c0c67270c27a0d66d9776096553,CryptoElections,CE
fd98724f1c8a36c7be155cddce51b456eb1eb08d,"CoinGecko Xmas 2018 NFToken",GECKOX18
5ad89bb4f55a33320e076068636ed7314cd2922c,"Race Token",Race
3ef205810ede74f0da5eb4b1f96ec97bea701b50,"My New Horizons",MNH
8ac926d0086ae6dd2aa984cf21c579a9aa037b27,WorldOfBlockchain,WOB
14794f1dd046a761152ac9558179618837c08e55,Waldpiek,piek
dceaf1652a131f32a821468dc03a92df0edd86ea,MyCryptoHeroes:Extension,MCHE
3a555896718c14ad1c5ef704b2f67fb1df2526df,"New Horizons",NH
aaf401585b72c678afc09036510d3ef759bdaf7e,Mokens,MKN
05ae2edfb986e3a8c3a5887dff69d46c665fec9d,CryptoWatches,watch
4f44ed50f3b94b3f474947cc0bc50c2921d33168,CryptoKanojo,KNJ
27cbfadaea2082d3720fe1e3006231c487214c8c,CryptoKanojo,KNJ
0ff04d95d2e5e9970f31e255bc1c843901eed847,,
f30fe881912d8b0c5453048683fc5c91c107461d,,
caf7ac68d80abdb419427fecc87a8a521823cc74,"Holiday cards",HLDY
5f37ef03130f92925ea56579b891261118773aea,"CryptoXmas Postcards",CXMAS
13492019d9ff6978fe4e1fc030d4e1b811f31750,CryptoKanojo,KNJ
000df4ea4d0436c921ff4f2c67f648875364262c,"Future Binary Test",BFT
70d98760037ec12d8474009414e91a0bed1615cc,"Future Binary Test",BFT
04938f4914a8fd14c8faa14875129659ce1556b8,"The Studio first NFT",TSNFT
79817fd8f2eb22688d183392e1de1a48eed51d83,"89 seconds Atomized",SNP001
e9fe4e530ebae235877289bd978f207ae0c8bb25,,
0d8ea73e86b2e1efc8ab065e6874ec3aa1277695,HodlEarthToken,HEAR
18a60cc53101d8aae343acc9357d347bc79c6549,"Coinbase Trophies",CBT
9884d4e9b305ad015168e9d6e4400582dce2cd59,CryptoClown,CC
799946d6b94394f3859dad6b66b7fb60e6cd899a,TTTSAN,TTTS
b891c4d89c1bf012f0014f56ce523f248a07f714,Bitizen,BTZN
952b7bdb382768f342f2a17c5df71221ea11f8d2,WeNFT,WFT
53a79832a60cbf18e47b271732eccdb7c208be08,WeNFT,WFT
24eeec21f12537b468dbf78535a13f124774ba85,"Land of AOD",LOD
48dfc5c1aad5109adeb12bec5adcead554aeec6a,WeNFT,WFT
c95c0910d39d1f6cd3bd71e4b689660c18172b7b,CryptoSoccr,CryptoSoccrToken
016c51edb11c6931aacfd1769a67e892f67a5404,CryptoRome-Land-NFT,CRLAND
2a92f24bfad42b04cfe5c000be404c2a84ca5b71,"Crypto Super Girlfriend",CSGF
e3f2f807ba194ea0221b9109fb14da600c9e1eb6,emojisan.github.io,EMJS
50bb4ebf56704a3cbb46c7f52766f6ff6a2576df,"Epics.gg Token","EPICS TOKEN"
fd2c4d1b33f7aa5923e4cbf4a291bbb7018f8bd7,"Blockconf.io 2019",blockconf.io
b2c0782ae4a299f7358758b2d15da9bf29e1dd99,EtheremonAsset,EMONA
3eabd96bb1db0c78261858e5a3d94425471238ab,testTC1,testTC1
9fded3f18648ad4793d999bb8a145003ff12524a,EthGrid,EGD
3fa9bdcbd17bd75d1dec10d52c65f41503e344f2,testTC,testTC
5a1dbff1a772bc35f53c77509b4dc1624c65e6ec,ZethrDividendCard,ZDC
73b30f4f4b574d092088bff2d5289fa45086606b,ZombieBattlegroundCard,ZBC
730b306c75a1a0a50bf05b397be377c2af341608,Hedgie,HDG
1795e4f14ca1ca56b07118ffb4e7be2b805ed9bd,THORChain,TC
16d790ad4e33725d44741251f100e635c323beb9,"OwnTheDay.io Days",DAYS
9eea7965ee59c304f81d602ae1d9a3d624429d9d,HelloDog,HD
5b18de140880f380524c2cb539d5cd1068f15cdc,test,TEST
6d2e83a559c1fbe0cc677d10a22f28f0f8b1f325,MyFish,MF
c9c3dd655503a3eba8d47cceeb9a07c5322561e0,"TOY Tokens",TOY
7308c20978dd5862f2cd4a7ae78dc411660172fa,"An XLNT Matt",MATT
b7d19d785ce9f80de0b201825748808f01fc4620,"Reptilian Elite ID",REPTILIAN
5221537b92b0a405d244dec5b6d9435c1c910350,CryptoTakeoversNFT,""
0702c19f5cbd6642031e4ae8b4e8e6ba36725838,BitWinEx,BWE
b1422af43e0ecf70b91ce33c9ca1e8c22721125c,"TokenForum Certificates",TokenForum
cd41656dba201e2e2693f4a983969219f5e1385a,"Blue Car FCM",BCFCM
da051d8aa714719cda46eca0d3f1724fae9d30d1,"Blue Car FCM",BCFCM
ded4dde5e2548f6972c329031707c98a62e4ac0c,"Ether League Hero Token",ELHT
95748f0feabb58194a3dac46fe3489a60c5bb24c,CryptoFoxes,CF
5b64319f093178a5db00bab4b274b1e665a66ece,SecretArtwork,SECRET
499996bb70512467cafc0eaab86de727a6ed24a8,ChainDrawings,CD
ec8e410316bd8d45cf660fdfd1fbd9eeafe9ed6c,Ethermon,EM
a98a54fe3fd4b38a74f17fbf7276e927a15391f8,OCC,"✅"
25aa20f3e1d9ebf251e3626876802f571cb9cbdd,"IV TokenII",iv
77dc74ba7b3356e483a18e5819795cea0ad5a326,"⚔ CRYPTOHEROES GAME ⚔",HEROES
3a633c367c4276311c06d13c92a156f40a272c4c,HogSmash,HOGS
d06f2a2feaf5d7d3e83faf06cc275294cebdf14d,"IV Token",iv
f441b73b0a196aa67d32aee230aab5e54eef4765,CryptoConquest,RegionsToken
f030b8fbe57c4498298449fc78a0f7054a5ef76d,"EthersArk Token",EARK
b3b1f75b8b6c3c0f941bff34241a102454832943,CryptoMinerals,GEM
4179528afb522747d4f2cf10e86306a135e3cda5," Arcona Digital Land",ARDL
a9e3440d5c64e99c77410ec4b15746b835add59e,Giftomon,GTOM
94801f3834afa7e523db00249bf18c87801d51aa,ChainDrawings,CD
08995edb5daca2a856b82647318e30e304aa0aa8,ZombieBattlegroundBackerReward,ZBBR
1343a86d1837fa3b15d2a3349e48fbcb3d970a88,"Ether League Hero Token",ELHT
8825026b162401cc50f2a614a1c2354aa59e8496,AviationSecurityToken,AVNS
3332f625c58f0f30a87a8a836eb4c3403fc95c56,WorldOfBlockchain,WOB
fed7cec579cb6bed668ad51cc744090bb6988402,WorldOfBlockchain,WBT
b9d3fdbbfa5b3014ed2b84c2d979c105f812f410,CryptoDogs,CDS
0ef1a12454a4432f8a0eaabdb88bce1a99665bf5,WorldOfBlockchain,WBT
775e611deb7e16c3fcea3d78337906d6cc0456be,,
cd1fe6635e81b4f2a13230fae7c406cb3766c979,"Bitsburgh membership smart coupon",BITSBURGH1
05ddf4a4ae8557ba93430a2d1d5420215b41b717,Coin.Kred,CKr
f2069b7efbf8782e55718a4f3d3b898d3fb35807,Coin.Kred,CKr
802ec50f24377cf519df26b0db7223a62eb434c0,CBSA,CBSA
92656230ce9f34c14e1332c84e4e47e6a6781fb1,CryptoFantasyFootball,CFF
ddaca210c1d603b716b3f7252e3ae9e9395c285a,"Challenge Token",CDO
c9f4bf14bb9d82114b15428e53eb5e2b3795a873,WorldOfBlockchain,WOB
075d1e391f39d668e54f129a57405cda57d38f5f,WorldOfBlockchain,WBT
58124afeb40f51bec09cba79f3ca76f7ae05939f,Twicoin,TWC
a6b7141be3ccf1e989e1be26ae17a7309ae4d6eb,Coin.Kred,CKr
1737bae7d38fd3922a554467b8c1417d5cd268f8,"TokenWars.io tokens",TWIO
df16689a5e9ae8af875a2dcad208c605df538797,"ZPX Experience",ZPXe
9ed38d49c783baf2dc05c17ba2f3e4d1b53561d3,"",GZ
30699ca0288c96b5bd4f2b633b097889d59086d9,ZethrDividendCard,ZDC
8a7714d6df734e7bf2dc35c6f25834c013f18725,"CDPack Token",CDP
feb0f9283cf86e7c45673b169496164e6b2329d0,CBDE,CBDE
a8bc1207c943b3fab3874c2e3f2ac412fa932e30,CryptoDogs,CDS
3798b1c6e7bad3f0720c0e9ddcdb018857e13a4c,,
22b6a8f1d7c35f3f436a9aeae36afbd520925ad9,WorldOfBlockchain,WOB
222b423215484d5bc3717a3acf183268371fd05d,CryptoDogs,CDS
de74c46dbb8b2eb39b73b50dcdcfb20e179fcaf3,CryptoDogs,CDS
8a1190c9a21ccc195a943ec9ee434620461b46b2,MyHero,MH
a0f3ee46b1e99c961f929d7e2e8d9e9946e1a880,Rex,Rex
852173aa78517e5b7bddcc8af5b880d7a2926270,WorldOfBlockchain,WOB
bec0703b212fac29ff73f77600f2b1402d92b5f5,XYZethrDividendCard,XYZDC
7cfa8bff1cdd2566d762680ddcef3c055eb756ab,WorldOfBlockchain,WOB
27043bda8b89097fa6f9e8d2d9cf265a1848ac34,"CryptoArt by Dexter Buenaluz",ART
cf0010af06edff540af798d06e866d95cbdc8488,UnicornGO,UNG
b5bbbc0c4e9e573d8f7cca7056a0c22959bddcdd,"Traxion Deed of Sale",TXND
1b3237bdfe285fa01b9a01c6d0f66b10805e6092,Item,MXI
8fa53276e9e2dd9919db0735dd7ce314d737e486,ExoPlanets,XPL
b1c08f78158922a07525d82cdd7661a0ead9bc2d,ZethrDividendCard,ZDC
178fbbb2a51da9f08b6ee06d264c84e8e7628081,,
235d170206ff7d173e2daac76c5e37f71c3ab5d8,,
5d3f1134628960fde68c59377acfa974987016c2,"Lootex Froger",ITEM
0af03cf00bc09b6b6da248821c14277be347b0b0,,
ec27d6c8a0749a910b6bc4ec218f30e449242aac,CryptoDogs,CDS
00b218fd2db515392f2a2d78b658c913f2eebf2d,,
59e5ef52b84e8ec19b099dc574630c3f6f7d0a67,CryptoDogs,CDS
4a83c0260b9f59e755eb462357a0e1a2f9766da3,CryptoDogs,CDS
351c0a9bdd5e58e9501a7f7be885dd09f794a4f9,CryptoDogs,CDS
da878133d04c230e8a5972310950bdcc86239821,W0BT,WOB
1dbb851d9aee54aa1739a826bbf0811301f0cb02,,
3ff9fc18c255e3f485019330ec88d3db659e951b,CryptoDogs,CDS
de2ac3a84023b0acfbc9f66616c99bb2b27b1fe2,WorldOfBlockchain,WBT
58eff4fad0983f116a9ca95e10dee23c2327c334,,
7520bc37ac843441b36e112ff99eeca5d3e7e22e,CryptoDogs,CDS
06a4b9d1a0c8e164f060e47e15091eaf43a1c2ae,,
d9155e48fa72409ed28543e93a25ff5f8bcc2eb8,CryptoDogs,CDS
a47393f176d3dbc9b7b3db004c2ef25e8fadcef3,WorldOfBlockchain,WBT
2f314e56010c3b051629363b1464711718648e4e,CryptoDogs,CDS
e82ad1fc7aeebb5550990baf762c916c6e6160f4,W0BT,WOB
574a86fb2907151ebdb52dc49fd86a2d3c0976f8,CryptoDogs,CDS
830a520ca393bf213d4d983a3ee40254c97ed799,,
024b92888095d5b175c5596cc8bf1a877a7e85c6,CryptoDogs,CDS
886fd5e16d39e062a38c4cbf7c39f65fbe4cfd4d,CryptoCaps,QCC
17f040bf4a845cc6ea4b68357a554543df6fee1f,MyCryptoChamp,MCCC
210e74c878d96c4aa1e9cbaf32fe1950dee2ca53,blockv.krankikom::demo::ETH::main::ticket::v1::cinema_ticket::v1,DemoTicket
6ce8fb3149d5186d7021a48430a7c7d49ce4455a,"EveryDapp Token",EVDT
08c81a23cb8f9034a78dd41d7bbcf1a40482c2b7,EtheremonAdventure,EMOND
0a2ea71d943bf917b410593194595e1f48d40e54,"REPOP WORLD",POP
e9c0ba5f6bf0b49d479eca9d9c4cd5c0d809cf54,lettertoken205,lettertoken205
a81aa53fc911702f982d3cca9a04ca9588a93e6d,"Ultra Auction NFT",UANFT
2c49bbe92266e6069c8afbc3397fb25c221a58b4,CryptoCows,CTN
ecccc5e353c1cf41ca35d7a7907ffff5ec685333,CBDH,CBDH
8b063485c2e7d18519b4d2227ec35dc761cc25df,EtheremonAdventure,EMOND
35848b4eab8f946ca7774c5a5e2c14ceae5c3870,Document,DQMT
ce6f8fcf2af814d12c8fa41fc1e200026d10e4c5,"Player Tokens",PTI
c15b1817f9b8ae4806a2381e8bc0d1a55af69c9b,BugToken,BT
6f35c6470adb660e5b71467374612672ba191488,"CryptoArt by drawverylittle",ART
edb94888eff041eb50c9fc92c360f66afb3b94c5,ExoPlanets,XPL
8a272d4057a469426b7334843b97ff2a18bead04,CryptoCows,CTN
6748746ebd1e29c14e16ff1fa607578e26e3b914,CryptoPups,Pup
399caff06e6419a8a3a6d4d1d2b94cb14ddeda87,"Decentraland Invite",DCLI
496baf5fd5a969f9465f0a4a4935d3eb7953b035,AlphabetToken,AT
9b3554e6fc4f81531f6d43b611258bd1058ef6d5,,
5f2f2f75622102d80d4b2accaf812a0e19e123ed,MyCryptoItem,MCCI
e52d0a15b373ed9d3747a861ba7de2a21d6d16ef,CryptoPony,CP
7f8bc8609afae3a82b3cc9e94fb1fca2b3ec0907,FindPlanet,FP
fc1435d094bfbd07d0a2521e072dcdb8affbec41,CryptoNinjas,CBT
6b0a768e6a4c3ca41417c8eabdeef36dcadba25d,EtheremonAdventure,EMOND
4c65cc648d2196bce1a72662cef41457f540f135,WorldOfBlockchain,WOB
85d0a1c3eb28738d45a166635db6eacadea595ed,WorldOfBlockchain,WOB
93c85453819135bc9be5a77249e4bb4bcee2c60e,CryptoDogs,CDS
e194137dea5818432f5cb3f20a59a0bcac76d98b,CryptoDogs,CDS
14b2d558687942834839874d33a73c852be5401d,"WWWorld Cup",WWWC
0b709aaffb6fa294105d0ab930b093851e1d227c,"CryptoArt by Kusakabe Momizi",ART
ed884b568093507a315ffb7db44e8155b4291845,"CryptoArt by Joy Tsai",ART
512fbd15bde6570ff09e4438af27ede604024515,"Gods Unchained",GODS
3c544f1a1a5cf25568706b06a31e6d84d9a48cbd,"VIIXXIVMCMLXXXIV Token",CLT1984
5c33816a3580d98659bd9a3eef0007b011228d99,CBDE,CBDE
d0b9ea723bf5d37bc2785a1dba8419a7de4f701c,"CryptoArt by Joy Tsai",ART
6abf810730a342add1374e11f3e97500ee774d1f,BlockchainFootball,BCF
b77f7a9c7018f217ee80a1eece0766956b8fffb7,CryptoHuskies,CH
f176d7bcdd07f8e474877095870685ef0ccccb2d,"0xcert ERC721 metadata enumerable token",0XCME
71d0c177e69efd1bb0d6086cc9be58a887aa76df,inugamiToken,ING
ecdea46daad5a8b8d7b51ef935a9f5fc2311c801,ETDogs,ET
f7b3b3b92e3b535b4b94f8f932be109c2cb42085,Glossy,GLSY
64ca42c05e815d8565730441161c89241b7ae278,"EveryDapp Token",EVDT
66a787a356f5fabd4a103fc3634814bf0773349d,CBSA,CBSA
b60793dd4351f867bb64981ef84d8ad0172fb648,CryptoPonies,CP
b9f1f3ef792366fd50a1c34d491cdcf16c76e0a9,HashLand,HSL
91d3b4fc393c64733e4bf64ac7426283b4e04276,"CryptoFights - Chest",CF-CHEST
87fd975ff21c9d3966e6abb7fd8973b8b213a569,CryptoFights,CF-HERO
7423a4c58f25a193ca9fdf77731c7d7ce00521ab,"侠客行","赏善罚恶令"
103c21b217e1c0850f91a296ed61bec5f9ca9439,CryptoPonies,CP
c242eb60dbd5bf9ec1ab8a1ff795a7f23edab24f,TokenArt,TART
7490a548fb5c4d1066f5e3dd315bf0c5ba79b169,"Hu Lu Wa",HLW
e76c46f8e08df126a9a992b32012b561feb1dcf7,SolCo,SCO
4f4ad83f62e68afd859d6d257c473c544aede367,"Smash Cards",ESMASH
166c5c59b9eb1389938135fe6b709d4a1d6bd469,,
e6609f75fd14562125dda0e7ad353a653ca11377,"Pirate Conquest Token",PCT
1723d0700f5efaceb9bf77f382055d7b5ac22ee3,CBDHF,CBDHF
339ceb6166d35ea728b308af977e142d48188d90,CryptoKeywords,CKW
f8e93aa341a2392bd3c4ca2a6726d07b129d79ce,CryptoCities,CC
01ed068115ba99b94c65c7791d4ac5dee1253835,"FOAM Treasure Hunt",FTH
33655b974c9943963cf77ed20c2cb4e8496cb3c6,CBSA,CBSA
7e4a4e42fca1c6527e8d373320299893e5a396e9,"Parallel World Cup",PWC
52873aa8dc33d19436b33527342dbf0caa9f8c90,EtherCup2018,EthCup
c72deae32817df5b6f95fe6ccc0bba8e63867aaa,CBSA,CBSA
c43ad33cd39c7858e98bef8ec7cb27a34f06c2b4,CBSA,CBSA
36005f1f6cd2f69fe0468595a2d72d9f183acc91,CBSA,CBSA
87beae65f498972145f1206fa5e03868db8107a4,lebron,LBJ
31d24acfcd1f0990f142e8720a52246ad54a63d6,CryptoPony,CP
34887b4e8fe85b20ae9012d071412afe702c9409,"DragonsETH.com Dragon",DragonsETH
615e3583390a6c118887494e0ea7ce3a24f8cecc,BitPaintings,BP
d83b161514d09f70118555b1559822eff2c4853e,"CryptoArt by Takashi Shimizu",ART
018d136a7c256a2451faafbdcdc722d8f25585d4,CryptoArt,ART
a29939f74c3e527c83011fab972b09ac68e71a47,RadiCards,RADI
b57756d92bd170a66b4f361eafbfd13e625372c2,"0xcert KYC",KYC
1ada86d6c32530618554a28c7d3d88bcec302ad3,Amoeba,AMB
a33a5adee9509405d9b9bc23e0ed0dddb8f331ae,"Pirate Conquest Token",PCT
266ade727b9646626466ef9dba757495d60a487c,CryptoAlpaca,CA
59c36e47c4490efb7a48d5ec4c68ea8a725c1c56,CryptoZodiacs,CZ
1a3be1a0e4435fec135eeb7de1463c6af6710010,MakersToken,MKT
b41fea87ef7cf3275c55a6f92d0c95c0f8f6198f,ExoPlanets,XPL
963053b25a19ea4dc5bd522cf0b6b5d14de32b48,CryptoHuskies,CH
dbbdf98ebe8316cb46b800b706d5dccaeb08e53e,"Hu Lu Wa",HLW
3521b99f2020fe66213aa27aff326118cdea86a2,"Totalgame.io Teams",TGT
507e04f88d500aabc1ed6f3ed23e8368beb7ff43,"Pirate Conquest Token",PCT
97fdfa48126205cfc24a3da42965fd623cc5e035,BitPaintings,BP
6045c60251e61bea8fa62b3533fe84dcef8ce1fd,vatomic.blockv::ThankYou::v1::SuperVEE::v1,SVTY
6d0fd5dbc5c73d4e156ead77ed7ab115313dfbca,Tokenimals,TKS
24a123600492e66f5ce949b6361f1e79ef79b15f,"CryptoArt by EF Singapore",ART
ed63587dc85a957bcc08b4324415371e70372deb,CryptoFeather,CFE
1677d9e4712713692463e2dabaa7261538836b22,CryptoWCRC,WCRC
5ba90bfa27e01ed6b11d38b6c3d7a0c8ca3c2ff5,"CryptoArt by Dexter Buenaluz",ART
6731560e455537c9f088ea02a47a0ecfa28a9231,"Su Squares",SU
87a5a276470ca33dec8a44d2e0820bb9ef647fd4,CBDE,CBDE
aab147367e934b92830488ecf18f289f088d2a6b,GMBSToken,GBS
a5581f7fb3cb5902a316010a4aafff892f30e307,"CryptoArt by Mame Suzuki",ART
90cfdb93b3212644fc4e002b2ed0810a4ac88acf,"CryptoArt by BlockPunk",ART
afe648a175c98a02c6c004f1342ffea8c67d7e09,"CryptoArt by Koei",ART
981b9d51fe5219af5e334351d0ef7966314f08e9,"CryptoArt by Zunda World Partners",ART
9224ca23168a20bc1b5e2a1627edf783e193d39c,CryptoLeaders.app,CLS
6c0f03411ab250f0a080a4420190b821affd4602,"Gizer Item",GZR721
0144b7e66993c6bfab85581e8601f96bfe50c9df,MetaPunk,MP
393b5fd2b993eaf419fbadab630bc9bd3d5792e9,Cryptopinions,OpinionToken
ae1a5bd477d5206385ed7e8e24c74843e2877e6d,"The Valentine Coin",VALENTINE
2c51c43e3cd79459b05d12d36c23270fb8195037,BitTournamentTeam,BT-Team
ffe35c458461102d6048ed8febc79dabccdfbe61,CBSA,CBSA
8f859012bd1c995b7112aa2237a2455fa0f870e0,CryptoFlowers,FLO
f01d0d0e25fad65fb7d32d9c81545f9d36df3329,"CryptoCountries.io Countries",CCC
0e0466ebd9078478cdb64de5ea4bf0982da6fe5b,CryptoHuskies,CH
ed4561578a6ae0e08a3e1f35d48297859fb4e54a,CryptoWCRC,WCRC
7b70405fba653cc8eff5afad1c5079d7da0a0247,PoloDod,PDOG
e51fbd062d909db064abf62ddf8ec27e7ad2657a,"Castle Buidl",BUIDL
c5bca3b74f5ab61c2c8b4e47e1fef188bb4a3dca,"Castle Buidl Pieces",BUIDL
7a02a583a382291599ae434747a4a3a3256a10d6,PoloWolf,PWF
eb06ae75e64f08a7618f0d5a8ad80f164a32060f,CryptoThreeKingdoms.io,CTK
740e033133f54055a4b48167a394b34e37195b2a,Ethergotchi,Aethia/Ethergotchi
3bc5bd64fff1b1a4054732abf23d8b100d991031,,
f213d198b68b10654c63a9ed05a045e1d4a50f9f,CyptoWorldCup,CWC
08cdcf9ba0a4b5667f5a59b78b60fbefb145e64c,WorldCupToken,WCT
29c77ea1d6ff8839ed6e08b3a01d339e3949c1b6,CryptoFantasySoccer,CryptoFantasySoccerToken
834603b8f2e1fd09840a3d44af1fa63a52ca6c28,"Economeme Meme",ECME
ae67bc61d2dd356112b9e588c2faef40c5a72ba0,"Crypto Bunnies",CBT
8b34aa05fdcf0a3935a41eab92d324f322766704,CacheAvatarToken,CACHEA
a26558d7772e26f6d0313ec12fcbe1b2b16722eb,CBDHF,CBDHF
54a59636b72bfbeff295700dc3bdce02b6b5b619,CryptoWorldCup,CryptoWorldCupToken
5c8951c94b059900d05b10d592b44c78574196c5,EtherCities,EtherCityToken
7d299d709709be163c3f2142b56512cf82891b20,"Paolo Siligoni",PS
ac1badba2d5ad0df7b002091a09117710565a1eb,CryptoCities,CountryToken
f4e7a54385af990438cf4972974ca8e4c3288f1d,,
8398f4875630c422641792dd31375fe6e2fe669a,Authentic,ATH
fc9350c3487bacfcef104c024cc98cb0b2adbdd0,"CryptoCountries.io Countries",CCC
e7b5b1c27ba88a4501ea81130dc97252ac5f3cbc,CryptoFlowers,FLO
6680072b7d5feb4b2683c377a37a45ee6f1bb12e,,
2ff9c09becd301bcf7d5fa057e01c39a370985cb,,
b2ee4acf44b12f85885f23494a739357575a1760,,
e26b758708f39276f879c0a187d9a789fc26c38e,"EtherEstates.io Estate",EE
deafc8d49ea6d6044eaa53f5e7c7c35c60e13d7f,"The Ether Button",Butt
747616c4a19bd9bf1e2b6c8a77d206ea1f9c6018,CryptoCities,CityToken
6dcfac88b8d77fb370f1a75e2fa0f04d5a0db2d0,ReCToken,REC
16a9285fa1d266a28716519f5c53276e0f5c5223,OK_TicketBase,OKC
ed678608de045609da5a7a459c5416fe25bc5532,BLUEPZ,BLPZ
18c47650bc9a00497e90111a9ae5718bab1cbe1a,BTAERC721,BTAT
51e7e107192b05a96d0d79e5702313c4016ca959,BLUEPZ,BLPZ
5ee9bc8a2b2baa393706ba3f3268135663a626a1,,
9f87c89d4b96628f3f5bc6ab981bab71997d99bb,cryptosanguo.pro,CSG
8b481c5af4734501ea8b6a0c3502e001dd883d3d,luckyDraw,LCY
36697e362ee7e9ca977b7550b3e4f955fc5bf27d,,
28fb4e9337a9b2498022e4b8d53e11b80e9689f9,CryptoKitties,CK
3249fd8a52e69552b3a691ac4beff3d2cd51fbd6,EtherNumbers,NumberToken
53abc335bed36e0299ef5607f04bd297d3a10dba,RigCraftPresalePackage,RCPT
825c1d61a5b170808a31b895c26ee4f24b690d59,ACore,RBT
1f28211cd78363c7e0d44a90157017422599526c,"Dark Winds First Edition Cards",DW1ST
fb0176604aab0147c4c94d851ae720542e1324e8,CryptoRox,Rox
b78f555e0905eec3ce26c054adf82e2dab4ebe84,HelloDog,HD
e32344b495087601eb7d7d38de32a86ce07dd9a1,CryptoBlocks,CB
9d7f087a2a56671be4031fa3422c2568b0229206,"Mega Bundle",MB
9e3aa945dc639ec679cb6055e41cfc25d981f5c7,"ethbillboards.io ethbillboards",BBOA
6b1a0740d090ca7f6708710917e0152eb94eea68,CryptoAndDragons,CND
d359e3f53b5d4e11b8b11dc0772448f380accf3c,CryptoJintori,PrefectureToken
65d08c27d696eb55170cb3346b423ad85e58de68,,CSCR
dab64dc4a02225f76fccce35ab9ba53b3735c684,CryptoCelebrityBreederCards,CeleBreedCard
74cd98fbd837fe9200cf867f4b1ba9573c6d865e,HelloDog,HD
7f53080daefbf41e727fdaff1538ef6052ddb994,etherdoodle,etherdoodle
8b0b4e4e389cd2f1a8b7d91b5c6537efa7f08f12,cryptosports.top,SGS
0f29b22bcb7d89d4864f0a68be21d4e6dfe44a3e,MonsterBit,MB
96d0c2877b5d4fa1a476a8184326ff3efa0f95f5,CryptoJintori,RegionToken
354605ccf304d1b0f908a0f582ecddaba2d883a2,CryptoFantasy,Athlete
9c092ca5ef12444cbe62f51fc3698e9dc0593c7d,"CryptoMars.io Areas",CMA
fa9a466c1bc8e941aac7c24f0a40274afbefaf59,"CryptoArt by ishimori",ART
1806b3527c18fb532c46405f6f014c1f381b499a,PlanetCrypto,PTC
8f5f964f3b38282e6a3d16b5a14da0fa1b1c4a3b,"CryptoArt by rachtalin",ART
cf438fb35c4c7131e8846e4ccb5bec3ea60d7591,etherdoodle,etherdoodle
a53810954388520a8fbe49c8256665eacd5322f8,Cryptons,CRYPTON
63a4de107d7ac969d9b107ab86d2218e2d35fb89,,
52a08558d279a8ddf1d7211675435b2ff2c272c2,Glossy,GLSY
c7263b59b833a608ca9b82c3bf90ec0ca9e8d702,"Traxion Deed of Sale",TXND
2b093013579a6236505ba25ee6aa48f841db2b50,BITVIDEOS,BTV
67cf92d1b68b82daf4792104099b797418e40b94,"Mega Super Ultra Bundle 3000",MSUB
568091716f12fe29ae8281a13c58037e5a23843c,CryptoFootball.top,CFB
81eaf1ff62bb8ccaa5314287b14e75e04e21b8f2,CryptoAnime,ANM
a5e5be69c923c701ae6ac8f1f5936af3ae610c68,"GU Collectable",TRINKET
ccc481829c8468cf5c061dd11002ac081cef8748,"CryptoArt by ayasal",ART
9e5de9854dff0be43d48d93aa56cc3a065069396,,
551c508339062f94a0f81a7d49841278fb5c1d7c,"An XLNT Nate",NATE
260d86c85adba15a3411caa52016cd00e9394d0b,CryptoFairies,FairiesToken
ad56273c8268972341aaa9e2d999e4d0a00ec0f9,"CryptoCountries.io Countries",CCC
2898ca01df2dc4062e8b269806de4996295a1f5c,CryptoBlocks,CB
69942c41627ebb75d1504b4233185541ce872378,RareCoin,XRC
ad1ed4f5a89cda12550e28b76e7efc0e79299606,"Lquid Token",WFX
bce5ad46548e287f3d608fc7b8a02fece59639c5,"An house",SQP
d19d13c851142fa3fce60f01a3cad240c3b0f49f,"Mega Super Bundle",MSB
fef1595da2bba952fe13003dce7ad32d991c6e2f,CryptoCup,CryptoCupToken
518b4e1b6cc9b6b184ab54d617995b04a119173c,Cryptons,CRYPTON
0a868c22a0558920676e3cbb9bfdc6f2709eaa60,2,SQP
da6078a5507eb41795b3508ea993789d1e979363,ZethrDividendCard,ZDC
21c4a603cd7fcc16b2ff1f5f30e5b839b9222108,"DragonsETH.com Dragon",DragonsETH
453fbdab51208a6f0c82e4e32981d9706a4d5f5a,"Ujo Badges",UJO
33a104dcbed81961701900c06fd14587c908eaa3,,
f10996991989f595cd3836774ec36381fee46c37,CryptoCollectorContract,CCC
e234f3da4cc496f8fe8671bc521798227ced4bf8,"Ujo Badges",UJO
c2d8db56c50f253d1279da6760345fe78f784ed9,Marble,MIB
16514ee126028f7826d6511bb4813f25e1ba8b68,Glossy,GLSY
d494794f8b540bc0c25a6323b4fcc0e2a75bdb58,"Naples City Charme Mergellina ",SQP
677aa1dc08b9429c595efd4425b2d218cc22fd6e,EtherGen,ETG
4d9db7058ad104ef1a533bbaca6f35bb9995ae3f,Glossy,GLSY
682ff6b8746e182da0efde513c06235e5efb6ced,"F You Token",FYT
0c41eeb3ca97e9b641a9d765a042becdf446d175,"Intent Token",INTENT
6d225d3b813fd7ae8d4a2e8dab01d50d500fcd6f,"CryptoPioneers Plot",CPP
c8f0fcc41b3364a770e7ef1bbd22e2fc768c6e87,CryptoJintori,CastleToken
25f87ca1f96152bd8c4794229c17be23bb1f3745,CryptoKitties,CK
7e312bdb6ae3bb7ecf2fe2606533a330fbf583e4,"Crypto Shrooms",SHRM
4e06e4ef5a1ff9bbbbce7ee0f4f0fcc77d7624cf,WikiToken,WT
41bd2dac002b683de9f69c4961ee3beb39590639,EtherBrosMaker,EBM
c7069173721f6cd6322ce61f5912b31315c40fc2,cryptomoe.io,CMOE
5829031c79406f2ba9180f69627d380fe9799053,Glossy,GLSY
df2f6ef713a46ea63f77b9511cc71569d4d63201,"Zastrin Course License",ZCL
b9215573505a7b54284bdfc0232e9c969aea5e46,"Intent Token",INTENT
46bfbd64bb394c7ee5c3b248c3c95e04ac0127f7,CryptoMingbi,CM
6cb8729aada6be4574bd7f73ac3491098f39df45,PandaEarth,PE
078e9fa7c487da5210e53fd8c712c8d50951d879,"Chibi Fighters",CBF
8200341ffa058a4b2fa5bef16c8cca0330d529ed,CryptoCars,CryptocarToken
75b9f86e79ad930b9396c0d165e4bb93c8382ca9,"Chibi Fighters",CBF
3a81d175f3dfd76e5013a57772929ed85f7d6380,"",""
25d466f0e7da4ec2f7201309e5416951d1e241a2,Ethergotchi,GOTCHI
449f5c827cf7726cc5f181090aa147ca5fb88a40,Ethergotchi,ETHERGOTCHI
e9df89e2e7df9064ce85a0099d731eabaf8dc860,Cryptogs,POGS
043bbf1af93df1220dacc94b9ca58b789bf20dc3,GanToken,GT
2ee5054ee925a122976281e1dfea22dc873de96f,WorldCupToken,WorldCupToken
63c7ec5620616c5016bebfccf0f022ee81176a6c,CatsVsDogs,CD
29fca435b6fb7381f4a125dd294decde20591258,MonsterBit,MB
9df16a3f152ecb4b156ca96bac2a6cf38f003ea8,MonsterBit,MB
43128b9e8d7d443f0662201d7897f1128760902c,MonsterBit,MB
f0a502a85914df7982b4d35c21fbea94de3a634d,EtherDank,DankToken
689e032fa86a070387cb26e7a6a5fcc87601fc0d,Ethwuxia.pro,EWX
55d378a647fdc848b6f17384a69eeec15bd7ba1e,BlockchainCuties,BC
1b3b0e2f8fee40227da9a7c65fa33a85ccec88a6,EtherDank,DankToken
6836e35c6946b7a8cb17a7bce99d49732687033e,CryptoCup,CryptoCupToken
ffe2e9b263458d5e5f4d9e132caa085bab1af3ec,Ethstates,EthstatesToken
6490efefbe454d7a4aaad6d1a3359d38a1065e91,CryptoCup,CryptoCupToken
8d367d8afcd5839cedf99ee963a83218199550fe,Glossy,GLSY
a5852382badf050e99c82d90a4ec0a4c59b30fc7,"Orion Vault Masterpiece",OVM
07af1f10d749e432fed9c5901dd7d7821267a846,BlockchainCuties,BC
b9f0e42d13e1c4da786e5af83e4c6ea3ab5210e8,"Byzantine Space Quest",BYZSQ
8c3cd81e8987e44b8d8702ed6d5791b346d0e1e5,,
d26386adbe8a58a0f8d6382a89d41c22245eaeff,CryptoKitties,CK
93f2be5fd61852eac8973345d56a9b85014ba017,EtherDank.com,Dank
b75bab60770f91bdb2eb40f2e3663a05ad2090ca,Blockstates.io,BST
a961ecf97ebec5b663c395102dd4ffb1f06ae666,vatomic.magellanmedia::CombinedAnimated::v3::ESIGlass::v2,vatomic.magellanmedia
ce1280c69c0eeeacdfc0997da1cf52214e02c2e8,"Christmas Cards for my Family","View your card at Mintable.app/manager/"
487797518e7622e13fb01b6c9240bb9e4789b5a6,PandaEarth,PE
06426743ab506a2d542e2ef08a680d948917dbe6,Ethwuxia.pro,EWX
5af7af54e8bc34b293e356ef11fffe51d6f9ae78,,
b327a9eb54c8d2ea91d86976f3d1976c595fbc15,CryptoWarriors,CW
6c66da260d7994f26a2cfa636131477865abe566,CryptoWeibo,CWBO
14610b8516f83a62eb1347c84f9ea79381ceb2c0,PandaEarth,PE
079a09fda4ecd57f76a739152e88a8267a86c240,CryptoAV.io,CAV
ba4b3264cd8dbed4b169a25675aea0ecba8a0229,PandaEarth,PE