topic,name,parameters
cc16f5dbb4873280815c1ee09dbd06736cffcc184412cf7a71a0fdb75d397ca5,Burn,"[{""indexed"":true,""name"":""from"",""type"":""address""},{""indexed"":false,""name"":""value"",""type"":""uint256""}]"
ddf252ad1be2c89b69c2b068fc378daa952ba7f163c4a11628f55a4df523b3ef,Transfer,"[{""indexed"":true,""name"":""from"",""type"":""address""},{""indexed"":true,""name"":""to"",""type"":""address""},{""indexed"":false,""name"":""value"",""type"":""uint256""}]"
8c5be1e5ebec7d5bd14f71427d1e84f3dd0314c0f7b2291e5b200ac8c7c3b925,Approval,"[{""indexed"":true,""name"":""_owner"",""type"":""address""},{""indexed"":true,""name"":""_spender"",""type"":""address""},{""indexed"":false,""name"":""_value"",""type"":""uint256""}]"
48335238b4855f35377ed80f164e8c6f3c366e54ac00b96a6402d4a9814a03a5,FrozenFunds,"[{""indexed"":false,""name"":""target"",""type"":""address""},{""indexed"":false,""name"":""frozen"",""type"":""bool""}]"
ed9c8ad8d5a0a66898ea49d2956929c93ae2e8bd50281b2ed897c5d1a6737e0b,AgentRemoved,"[{""indexed"":true,""name"":""account"",""type"":""address""}]"
1009100be547b15253a834b07028268987e77a9111d95d8c973ffdc19a374604,Play,"[{""indexed"":true,""name"":""luckyblockId"",""type"":""bytes32""},{""indexed"":false,""name"":""user"",""type"":""address""},{""indexed"":false,""name"":""random"",""type"":""uint8""}]"
037238854fe57fbf51f09946f854fc3916fe83938d6521f09bd05463839f1304,WithdrawToken,"[{""indexed"":true,""name"":""contractAddress"",""type"":""address""},{""indexed"":false,""name"":""to"",""type"":""address""},{""indexed"":false,""name"":""count"",""type"":""uint256""}]"
ccbd99ba6da8f29b2a4f65e474e3c3973564d356c162c08d45f3dc7f0cb5b3aa,WithdrawEth,"[{""indexed"":false,""name"":""to"",""type"":""address""},{""indexed"":false,""name"":""count"",""type"":""uint256""}]"
357b676c439b9e49b4410f8eb8680bee4223724802d8e3fd422e1756f87b475f,Pay,"[{""indexed"":false,""name"":""from"",""type"":""address""},{""indexed"":false,""name"":""value"",""type"":""uint256""}]"
6985a02210a168e66602d3235cb6db0e70f92b3ba4d376a33c0f3d9434bff625,Pause,[]
7805862f689e2f13df9f062ff482ad3ad112aca9e0847911ed832e158c525b33,Unpause,[]
bfec83d64eaa953f2708271a023ab9ee82057f8f3578d548c1a4ba0b5b700489,RoleAdded,"[{""indexed"":true,""name"":""operator"",""type"":""address""},{""indexed"":false,""name"":""role"",""type"":""string""}]"
d211483f91fc6eff862467f8de606587a30c8fc9981056f051b897a418df803a,RoleRemoved,"[{""indexed"":true,""name"":""operator"",""type"":""address""},{""indexed"":false,""name"":""role"",""type"":""string""}]"
f8df31144d9c2f0f6b59d69b8b98abd5459d07f2742c4df920b25aae33c64820,OwnershipRenounced,"[{""indexed"":true,""name"":""previousOwner"",""type"":""address""}]"
8be0079c531659141344cd1fd0a4f28419497f9722a3daafe3b4186f6b6457e0,OwnershipTransferred,"[{""indexed"":true,""name"":""previousOwner"",""type"":""address""},{""indexed"":true,""name"":""newOwner"",""type"":""address""}]"
b90306ad06b2a6ff86ddc9327db583062895ef6540e62dc50add009db5b356eb,Burn,"[{""indexed"":false,""name"":""value"",""type"":""uint256""}]"
478a0d5fe0fdc1f1b6b58408b1cf6d3c58657b0127b7b036868a13fea37134a0,AddSupply,"[{""indexed"":true,""name"":""from"",""type"":""address""},{""indexed"":false,""name"":""_value"",""type"":""uint256""}]"
702d5967f45f6513a38ffc42d6ba9bf230bd40e8f53b16363c7eb4fd2deb9a44,Redeem,"[{""indexed"":false,""name"":""amount"",""type"":""uint256""}]"
61e6e66b0d6339b2980aecc6ccc0039736791f0ccde9ed512e789a7fbdd698c6,DestroyedBlackFunds,"[{""indexed"":false,""name"":""_blackListedUser"",""type"":""address""},{""indexed"":false,""name"":""_balance"",""type"":""uint256""}]"
fa06db11ed9ae92d32ce127257c37770a7e382dcb96c49bfbcd07421ada17bb6,MovePermission,"[{""indexed"":true,""name"":""form"",""type"":""address""},{""indexed"":true,""name"":""to"",""type"":""address""}]"
b532073b38c83145e3e5135377a08bf9aab55bc0fd7c1179cd4fb995d2a5159c,OwnerChanged,"[{""indexed"":true,""name"":""previousOwner"",""type"":""address""},{""indexed"":true,""name"":""newOwner"",""type"":""address""}]"
6a12b3df6cba4203bd7fd06b816789f87de8c594299aed5717ae070fac781bac,BlacklistUpdated,"[{""indexed"":false,""name"":""badUserAddress"",""type"":""address""},{""indexed"":false,""name"":""registerStatus"",""type"":""bool""}]"
91887092b4e0e6ab9ce22782889c95cc48517f9549147519fe734b0ae070a4e3,TokenReleased,"[{""indexed"":false,""name"":""tokenOwnerAddress"",""type"":""address""},{""indexed"":false,""name"":""tokenStatus"",""type"":""bool""}]"
0f36f9ac72964373d449d48877bd9443e49c93c404464e4082e3de730bd3971b,MinWeiLimitReached,"[{""indexed"":true,""name"":""sender"",""type"":""address""},{""indexed"":false,""name"":""weiAmount"",""type"":""uint256""}]"
ec04315f91db1d59c13518b8cfbd0149de11a116702953d952e874371b24cd62,semiShot,"[{""indexed"":true,""name"":""player"",""type"":""address""}]"
115522125a340a348d82c36b243d9dcbb357931a24824ddbe1d13179155e3091,Hodl,"[{""indexed"":true,""name"":""hodler"",""type"":""address""},{""indexed"":true,""name"":""amount"",""type"":""uint256""}]"
0dc8f43545dbeec87c6f54e44dac2d8889f2a4b3bf0f62683cd7e1c6346128e7,Party,"[{""indexed"":true,""name"":""hodler"",""type"":""address""},{""indexed"":true,""name"":""amount"",""type"":""uint256""}]"
e842aea7a5f1b01049d752008c53c52890b1a6daf660cf39e8eec506112bbdf6,FundTransfer,"[{""indexed"":false,""name"":""backer"",""type"":""address""},{""indexed"":false,""name"":""amount"",""type"":""uint256""},{""indexed"":false,""name"":""isContribution"",""type"":""bool""}]"
121b72c2ecdf779bcceca1d44fed6668277ab0e4eaf332deb11e2a56d4bd6c0a,AddressReset,"[{""indexed"":false,""name"":""_addr"",""type"":""address""}]"
d4f43975feb89f48dd30cabbb32011045be187d1e11c8ea9faa43efc35282519,Payment,"[{""indexed"":true,""name"":""beneficiary"",""type"":""address""},{""indexed"":false,""name"":""amount"",""type"":""uint256""}]"
2ce1fb897132754a0501d2b4b0d2ac1e2f69e9c06fc55e84bacfa7a26dd4a7f3,RefundAllCollateral,"[{""indexed"":false,""name"":""amount"",""type"":""uint256""}]"
30b11f99b92e0ad8d10317982038af390f689fa9a2ddf546abdf64baea497c5e,SetAllowWithdrawAmount,"[{""indexed"":false,""name"":""amount"",""type"":""uint256""}]"
ae5184fba832cb2b1f702aca6117b8d265eaf03ad33eb133f19dde0f5920fa08,MintFinished,[]
9e87fac88ff661f02d44f95383c817fece4bce600a3dab7a54406878b965e752,Paused,[]
cc358699805e9a8b7f77b522628c7cb9abd07d9efb86b6fb616af1609036a99e,Deprecate,"[{""indexed"":false,""name"":""newAddress"",""type"":""address""}]"
42e160154868087d6bfdc0ca23d96a1c1cfa32f1b72ba9ba27b69b98a0d819dc,AddedBlackList,"[{""indexed"":false,""name"":""_user"",""type"":""address""}]"
77fcbebee5e7fc6abb70669438e18dae65fc2057b32b694851724c2726a35b62,TokenLimitReached,"[{""indexed"":false,""name"":""tokenRaised"",""type"":""uint256""},{""indexed"":false,""name"":""purchasedToken"",""type"":""uint256""}]"
faabf704b783af9e21c676de8e3e6e0c9c2260dce2ee299437ec9b70151ddaeb,IncreaseSupply,"[{""indexed"":false,""name"":""_value"",""type"":""uint256""}]"
f034c8ef36a776c16481660ebabfc5fefb012d0216bdca1e319e505139ddd8c2,BurnSupply,"[{""indexed"":true,""name"":""from"",""type"":""address""},{""indexed"":false,""name"":""_value"",""type"":""uint256""}]"
4c5f2f2d980ffc3b9166d9d83a552a9efdeb91f157c6ee4e3a27101177ea5390,Mint721,"[{""indexed"":true,""name"":""to"",""type"":""address""},{""indexed"":false,""name"":""tokenId"",""type"":""uint256""}]"
ec3f991caf7857d61663fd1bba1739e04abd4781238508cde554bb849d790c85,GoalReached,"[{""indexed"":false,""name"":""recipient"",""type"":""address""},{""indexed"":false,""name"":""totalAmountRaised"",""type"":""uint256""}]"
24a12366c02e13fe4a9e03d86a8952e85bb74a456c16e4a18b6d8295700b74bb,AddressRemoved,"[{""indexed"":false,""name"":""_addr"",""type"":""address""}]"
308610ad5dc4e738c5ba340a6651ce210c3f658b6854da608c07064b4971de57,Commit,"[{""indexed"":false,""name"":""gambler"",""type"":""address""},{""indexed"":false,""name"":""commit"",""type"":""uint256""},{""indexed"":false,""name"":""option"",""type"":""uint8""}]"
ee7f874815ae99b0340804848c3845e372249eb6df8eaf625dee10189c8f056c,SetBondAddress,"[{""indexed"":false,""name"":""bond_address"",""type"":""address""}]"
8370ff9c49cb21a7233bb16cbf2f415088f9455664e8c63b9c797f8a8136c82b,PayByBondContract,"[{""indexed"":false,""name"":""addr"",""type"":""address""},{""indexed"":false,""name"":""amount"",""type"":""uint256""}]"
1ddbefc95b40c8baae66b8deb8eab4e53d4db24dda9f3d0706344855237900c9,targetShot,"[{""indexed"":true,""name"":""player"",""type"":""address""}]"
da424210b9685e9bfab3956490a88e6da53eab86c208afa0720c2c917e816851,TokenDrop,"[{""indexed"":true,""name"":""_from"",""type"":""address""},{""indexed"":true,""name"":""_to"",""type"":""address""},{""indexed"":false,""name"":""_value"",""type"":""uint256""}]"
b67a9af0e05a143aea04c34fa86af1681b44515ec6392df39d449427187c4a7e,FinishGame,"[{""indexed"":true,""name"":""id"",""type"":""bytes32""},{""indexed"":true,""name"":""addr"",""type"":""address""},{""indexed"":false,""name"":""bet"",""type"":""uint256""},{""indexed"":false,""name"":""option"",""type"":""bool""},{""indexed"":false,""name"":""result"",""type"":""bool""},{""indexed"":false,""name"":""win"",""type"":""uint256""}]"
021724c3943709b5b29b9cdcfb21e18e7355b036e07d869b4a69bd8a13ec45e8,PrintingLocked,"[{""indexed"":false,""name"":""_lockId"",""type"":""bytes32""},{""indexed"":false,""name"":""_receiver"",""type"":""address""},{""indexed"":false,""name"":""_value"",""type"":""uint256""}]"
861f07ab6bad95b71c362ed240dc0082c3d9bbfe75e7830be646ef0d61da3117,RemoveReserveFromNetwork,"[{""indexed"":false,""name"":""reserve"",""type"":""address""}]"
a2446ac1a8b17e6d40c1cafcbf076b945fdc5f897c970e6e19915760def475ad,ExpectedRateContractSet,"[{""indexed"":false,""name"":""newContract"",""type"":""address""},{""indexed"":false,""name"":""currentContract"",""type"":""address""}]"
8a846a525e22497042ee2f99423a8ff8bbb831d3ae5384692bf6040f591c1eba,KyberNetworkSetEnable,"[{""indexed"":false,""name"":""isEnabled"",""type"":""bool""}]"
72cb8a894ddb372ceec3d2a7648d86f17d5a15caae0e986c53109b8a9a9385e6,TokenWithdraw,"[{""indexed"":false,""name"":""token"",""type"":""address""},{""indexed"":false,""name"":""amount"",""type"":""uint256""},{""indexed"":false,""name"":""sendTo"",""type"":""address""}]"
65da1cfc2c2e81576ad96afb24a581f8e109b7a403b35cbd3243a1c99efdb9ed,AdminClaimed,"[{""indexed"":false,""name"":""newAdmin"",""type"":""address""},{""indexed"":false,""name"":""previousAdmin"",""type"":""address""}]"
9a99272c0f6b7a30ef9e76e684a7cd408bfd4f11a72f36a8e276253c920e442d,CustodianChangeConfirmed,"[{""indexed"":false,""name"":""_lockId"",""type"":""bytes32""},{""indexed"":false,""name"":""_newCustodian"",""type"":""address""}]"
f931edb47c50b4b4104c187b5814a9aef5f709e17e2ecf9617e860cacade929c,ClaimedTokens,"[{""indexed"":true,""name"":""_token"",""type"":""address""},{""indexed"":true,""name"":""_controller"",""type"":""address""},{""indexed"":false,""name"":""_amount"",""type"":""uint256""}]"
615acbaede366d76a8b8cb2a9ada6a71495f0786513d71aa97aaf0c3910b78de,Freeze,[]
600005b3559a025151f4a40f36d9939d94cf5194016895d4ef6362b211e4c3b5,Delegation,"[{""indexed"":false,""name"":""delegate"",""type"":""address""}]"
ca5069937e68fd197927055037f59d7c90bf75ac104e6e375539ef480c3ad6ee,Unfreeze,"[{""indexed"":true,""name"":""holder"",""type"":""address""}]"
5484dca3a06e6d42354e20bdffaa941cdc4a4757a14d7e97f8ce0f255f9e3fd7,NewQuestEvent,"[{""indexed"":false,""name"":""RewardSize"",""type"":""uint256""},{""indexed"":false,""name"":""DatePosted"",""type"":""uint256""}]"
0f6798a560793a54c3bcfe86a93cde1e73087d944c0ea20544137d4121396885,Mint,"[{""indexed"":true,""name"":""to"",""type"":""address""},{""indexed"":false,""name"":""amount"",""type"":""uint256""}]"
f68e73cec97f2d70aa641fb26e87a4383686e2efacb648f2165aeb02ac562ec5,AgentAdded,"[{""indexed"":true,""name"":""account"",""type"":""address""}]"
a45f47fdea8a1efdd9029a5691c7f759c32b7c698632b563573e155625d16933,Unpaused,[]
b828d9b5c78095deeeeff2eca2e5d4fe046ce3feb4c99702624a3fd384ad2dbc,MintingFinished,[]
343765429aea5a34b3ff6a3785a98a5abb2597aca87bfbb58632c173d585373a,OwnerUpdate,"[{""indexed"":false,""name"":""_prevOwner"",""type"":""address""},{""indexed"":false,""name"":""_newOwner"",""type"":""address""}]"
27cb433ab98fc487efab30ed965c7b21cb0c65b05a72ae5bf5a9815af956fe16,Constantinople,"[{""indexed"":false,""name"":"""",""type"":""bool""}]"
cb8241adb0c3fdb35b70c24ce35c5eb0c17af7431c99f827d44a445ca624176a,Issue,"[{""indexed"":false,""name"":""amount"",""type"":""uint256""}]"
b044a1e409eac5c48e5af22d4af52670dd1a99059537a78b31b48c6500a6354e,Params,"[{""indexed"":false,""name"":""feeBasisPoints"",""type"":""uint256""},{""indexed"":false,""name"":""maxFee"",""type"":""uint256""}]"
d7e9ec6e6ecd65492dce6bf513cd6867560d49544421d0783ddf06e76c24470c,RemovedBlackList,"[{""indexed"":false,""name"":""_user"",""type"":""address""}]"
cd60aa75dea3072fbc07ae6d7d856b5dc5f4eee88854f5b4abf7b680ef8bc50f,TokenPurchase,"[{""indexed"":true,""name"":""beneficiary"",""type"":""address""},{""indexed"":false,""name"":""value"",""type"":""uint256""},{""indexed"":false,""name"":""amount"",""type"":""uint256""}]"
7ba26a0f068612fb882b3272004674d21fed286c2c8c795cf653044690b32db4,IssueToken,"[{""indexed"":true,""name"":""_to"",""type"":""address""},{""indexed"":false,""name"":""_value"",""type"":""uint256""}]"
a59785389b00cbd19745afbe8d59b28e3161395c6b1e3525861a2b0dede0b90d,Migrate,"[{""indexed"":true,""name"":""_to"",""type"":""address""},{""indexed"":false,""name"":""_value"",""type"":""uint256""}]"
ac464fe4d3a86b9121261ac0a01dd981bfe0777c7c9d9c8f4473d31a9c0f9d2d,FailedPayment,"[{""indexed"":true,""name"":""beneficiary"",""type"":""address""},{""indexed"":false,""name"":""amount"",""type"":""uint256""}]"
a226db3f664042183ee0281230bba26cbf7b5057e50aee7f25a175ff45ce4d7f,AddressAdded,"[{""indexed"":false,""name"":""_addr"",""type"":""address""}]"
ae5897c01284fb34b92ed45ca08e4c12a78edaf1f3f1c6af583e22ed380ce7dc,RefundPartCollateral,"[{""indexed"":false,""name"":""addr"",""type"":""address""},{""indexed"":false,""name"":""amount"",""type"":""uint256""}]"
3a2e1c9888050280b00fd0e1bd554da5f7a26966ad775f6d816eab8d2d5a5002,WithdrawBix,"[{""indexed"":false,""name"":""amount"",""type"":""uint256""}]"
c9d6ada311c0afa215ee7674b4f3752b761df8c08541e62a9ee2bcd2d36b16e3,Reveal,"[{""indexed"":false,""name"":""betId"",""type"":""uint256""},{""indexed"":false,""name"":""reveal"",""type"":""uint256""},{""indexed"":false,""name"":""seed"",""type"":""uint256""},{""indexed"":false,""name"":""amount"",""type"":""uint256""},{""indexed"":false,""name"":""gambler"",""type"":""address""},{""indexed"":false,""name"":""betOption"",""type"":""uint8""}]"
5c2abfd67230c0e47d6de28402bfe206c7a57283cba891416ed657fd70a714c2,PassportLogicRegistryChanged,"[{""indexed"":true,""name"":""previousRegistry"",""type"":""address""},{""indexed"":true,""name"":""newRegistry"",""type"":""address""}]"
9a3d346022599b4350e0bab68f956d60129625279c469aede214c70da09d0cab,death,"[{""indexed"":true,""name"":""player"",""type"":""address""},{""indexed"":true,""name"":""formation"",""type"":""uint256""}]"
9497bce505f434df0ac35fc6b6a9721a7e940cb606683f84b84687c641b97872,newSoldiers,"[{""indexed"":true,""name"":""player"",""type"":""address""},{""indexed"":true,""name"":""amount"",""type"":""uint256""},{""indexed"":true,""name"":""formation"",""type"":""uint256""}]"
4d99ce7cd99dfb1a7692e50c2e9b8d84c1b420f1d439ca8c4de0171acac11907,AddReserveToNetwork,"[{""indexed"":true,""name"":""reserve"",""type"":""address""},{""indexed"":false,""name"":""add"",""type"":""bool""},{""indexed"":false,""name"":""isPermissionless"",""type"":""bool""}]"
1eae61fde1a37f65af69f00b4269aa5fda423f684194d303865cba6c650b2366,WhiteListContractSet,"[{""indexed"":false,""name"":""newContract"",""type"":""address""},{""indexed"":false,""name"":""currentContract"",""type"":""address""}]"
c1bdc2503431144078ba3cb975f03be0f6c1d365cf490875e7534b4ca70c863e,KyberNetwrokParamsSet,"[{""indexed"":false,""name"":""maxGasPrice"",""type"":""uint256""},{""indexed"":false,""name"":""negligibleRateDiff"",""type"":""uint256""}]"
d30ca399cb43507ecec6a629a35cf45eb98cda550c27696dcb0d8c4a3873ce6c,KyberTrade,"[{""indexed"":true,""name"":""trader"",""type"":""address""},{""indexed"":false,""name"":""src"",""type"":""address""},{""indexed"":false,""name"":""dest"",""type"":""address""},{""indexed"":false,""name"":""srcAmount"",""type"":""uint256""},{""indexed"":false,""name"":""dstAmount"",""type"":""uint256""},{""indexed"":false,""name"":""destAddress"",""type"":""address""},{""indexed"":false,""name"":""ethWeiValue"",""type"":""uint256""},{""indexed"":false,""name"":""reserve1"",""type"":""address""},{""indexed"":false,""name"":""reserve2"",""type"":""address""},{""indexed"":false,""name"":""hint"",""type"":""bytes""}]"
3b81caf78fa51ecbc8acb482fd7012a277b428d9b80f9d156e8a54107496cc40,TransferAdminPending,"[{""indexed"":false,""name"":""pendingAdmin"",""type"":""address""}]"
091a7a4b85135fdd7e8dbc18b12fabe5cc191ea867aa3c2e1a24a102af61d58b,OperatorAdded,"[{""indexed"":false,""name"":""newOperator"",""type"":""address""},{""indexed"":false,""name"":""isAdd"",""type"":""bool""}]"
086c875b377f900b07ce03575813022f05dd10ed7640b5282cf6d3c3fc352ade,NewCloneToken,"[{""indexed"":true,""name"":""_cloneToken"",""type"":""address""},{""indexed"":false,""name"":""_snapshotBlock"",""type"":""uint256""}]"
75f33ed68675112c77094e7c5b073890598be1d23e27cd7f6907b4a7d98ac619,EtherReceival,"[{""indexed"":true,""name"":""sender"",""type"":""address""},{""indexed"":false,""name"":""amount"",""type"":""uint256""}]"
e19260aff97b920c7df27010903aeb9c8d2be5d310a2c67824cf3f15396e4c16,Transfer,"[{""indexed"":true,""name"":""from"",""type"":""address""},{""indexed"":true,""name"":""to"",""type"":""address""},{""indexed"":false,""name"":""value"",""type"":""uint256""},{""indexed"":false,""name"":""data"",""type"":""bytes""}]"
adb5a4f14d89b3a5ffb3900ac1ea4574d991f93887f6199fabaf25393644e01c,ListReservePairs,"[{""indexed"":true,""name"":""reserve"",""type"":""address""},{""indexed"":false,""name"":""src"",""type"":""address""},{""indexed"":false,""name"":""dest"",""type"":""address""},{""indexed"":false,""name"":""add"",""type"":""bool""}]"
1aee3ddc9eba03c98b273cd914e999b78162e1ddd1c022045394f635a469e105,AllocateToken,"[{""indexed"":true,""name"":""_to"",""type"":""address""},{""indexed"":false,""name"":""_value"",""type"":""uint256""}]"
9ecdebfa921d6ab8cecf7259ef30327664ad0d45d32fa3641089b00b533f2eee,DecreaseSupply,"[{""indexed"":false,""name"":""_value"",""type"":""uint256""}]"
91251c8b04e3ed4b921776c3aced2ad433c3701257fc5666cb35239ec4df5411,FeeBurnerContractSet,"[{""indexed"":false,""name"":""newContract"",""type"":""address""},{""indexed"":false,""name"":""currentContract"",""type"":""address""}]"
fdd305502f7797ff3390aa08825f7f6aec92c27a94e103bfaf45452b4cf1d4f4,KyberProxySet,"[{""indexed"":false,""name"":""proxy"",""type"":""address""},{""indexed"":false,""name"":""sender"",""type"":""address""}]"
ec47e7ed86c86774d1a72c19f35c639911393fe7c1a34031fdbd260890da90de,EtherWithdraw,"[{""indexed"":false,""name"":""amount"",""type"":""uint256""},{""indexed"":false,""name"":""sendTo"",""type"":""address""}]"
5611bf3e417d124f97bf2c788843ea8bb502b66079fbee02158ef30b172cb762,AlerterAdded,"[{""indexed"":false,""name"":""newAlerter"",""type"":""address""},{""indexed"":false,""name"":""isAdd"",""type"":""bool""}]"
1445852a2ef41b86fd81f90a02261a68635ceb02cdbc73f9c5f690af8288f360,PrintingConfirmed,"[{""indexed"":false,""name"":""_lockId"",""type"":""bytes32""},{""indexed"":false,""name"":""_receiver"",""type"":""address""},{""indexed"":false,""name"":""_value"",""type"":""uint256""}]"
6381d9813cabeb57471b5a7e05078e64845ccdb563146a6911d536f24ce960f1,Unlock,"[{""indexed"":true,""name"":""holder"",""type"":""address""},{""indexed"":false,""name"":""value"",""type"":""uint256""}]"
07883703ed0e86588a40d76551c92f8a4b329e3bf19765e0e6749473c1a84665,Mint,"[{""indexed"":false,""name"":""value"",""type"":""uint256""}]"
3eadceefe02aa6afb5514ad1b2ab3f21eb26dd571b170168413057c70615606b,TransferManager,"[{""indexed"":false,""name"":""oldaddr"",""type"":""address""},{""indexed"":false,""name"":""newaddr"",""type"":""address""}]"
5daa87a0e9463431830481fd4b6e3403442dfb9a12b9c07597e9f61d50b633c8,Initialized,[]
650bf5314bb5924368ffebaf7dffcfaa4a0f99c2ab08264c26bf0547f8c459e9,FeeChange,"[{""indexed"":false,""name"":""fixedFee"",""type"":""uint256""},{""indexed"":false,""name"":""minVariableFee"",""type"":""uint256""},{""indexed"":false,""name"":""maxVariableFee"",""type"":""uint256""},{""indexed"":false,""name"":""variableFeeNumerator"",""type"":""uint256""}]"
d1353c68e79ef70de84ee90d2facf845ec24895116d4a03505aa41785af71f5a,Price,"[{""indexed"":false,""name"":""newSellPrice"",""type"":""uint256""},{""indexed"":false,""name"":""newBuyPrice"",""type"":""uint256""}]"
b21fb52d5749b80f3182f8c6992236b5e5576681880914484d7f4c9b062e619e,Released,"[{""indexed"":true,""name"":""owner"",""type"":""address""},{""indexed"":false,""name"":""amount"",""type"":""uint256""}]"
52264b89e0fceafb26e79fd49ef8a366eb6297483bf4035b027f0c99a7ad512e,GasPriceChanged,"[{""indexed"":false,""name"":""gasPrice"",""type"":""uint256""}]"
6ae172837ea30b801fbfcdd4108aa1d5bf8ff775444fd70256b44e6bf3dfc3f6,MinterAdded,"[{""indexed"":true,""name"":""account"",""type"":""address""}]"
1e0b760c386003e9cb9bcf4fcf3997886042859d9b6ed6320e804597fcdb28b0,Cancel,"[{""indexed"":false,""name"":""tokenGet"",""type"":""address""},{""indexed"":false,""name"":""amountGet"",""type"":""uint256""},{""indexed"":false,""name"":""tokenGive"",""type"":""address""},{""indexed"":false,""name"":""amountGive"",""type"":""uint256""},{""indexed"":false,""name"":""expires"",""type"":""uint256""},{""indexed"":false,""name"":""nonce"",""type"":""uint256""},{""indexed"":false,""name"":""user"",""type"":""address""},{""indexed"":false,""name"":""v"",""type"":""uint8""},{""indexed"":false,""name"":""r"",""type"":""bytes32""},{""indexed"":false,""name"":""s"",""type"":""bytes32""}]"
f341246adaac6f497bc2a656f546ab9e182111d630394f0c57c710a59a2cb567,Withdraw,"[{""indexed"":false,""name"":""token"",""type"":""address""},{""indexed"":false,""name"":""user"",""type"":""address""},{""indexed"":false,""name"":""amount"",""type"":""uint256""},{""indexed"":false,""name"":""balance"",""type"":""uint256""}]"
462b6ca7f632601af1295aeb320851f50e8e630a309173f23535845ea4bfb3b9,LogCanceled,[]
d76fc900a7e1a6fcf11d54b7ba943918df6c53a3128140658c389b3da1e997ba,CustodianChangeRequested,"[{""indexed"":false,""name"":""_lockId"",""type"":""bytes32""},{""indexed"":false,""name"":""_msgSender"",""type"":""address""},{""indexed"":false,""name"":""_proposedCustodian"",""type"":""address""}]"
90f1f758f0e2b40929b1fd48df7ebe10afc272a362e1f0d63a90b8b4715d799f,Add,"[{""indexed"":false,""name"":""value"",""type"":""uint256""}]"
625fed9875dada8643f2418b838ae0bc78d9a148a18eee4ee1979ff0f3f5d427,Lock,"[{""indexed"":true,""name"":""holder"",""type"":""address""},{""indexed"":false,""name"":""value"",""type"":""uint256""}]"
af85b60d26151edd11443b704d424da6c43d0468f2235ebae3d1904dbc323049,Freeze,"[{""indexed"":true,""name"":""holder"",""type"":""address""}]"
7f1103ce4bef3a709dfee84e767c11461b2485804077e344206d760d290dbf6e,NewGame,"[{""indexed"":true,""name"":""id"",""type"":""bytes32""}]"
e498f5de034ff24e6c60a58f79f46177b3549748e793928ba8588593e9fec1b9,FrozenFunds,"[{""indexed"":false,""name"":""target"",""type"":""address""},{""indexed"":false,""name"":""freezeFrom"",""type"":""bool""},{""indexed"":false,""name"":""freezeAmount"",""type"":""uint256""}]"
5c486528ec3e3f0ea91181cff8116f02bfa350e03b8b6f12e00765adbb5af85c,TransferOwnership,"[{""indexed"":false,""name"":""oldaddr"",""type"":""address""},{""indexed"":false,""name"":""newaddr"",""type"":""address""}]"
7187cbcbda53f626dba64b95bb4562770cbe3f2026eebce9d93b79a169f8460c,RestoreFinished,[]
2f05ba71d0df11bf5fa562a6569d70c4f80da84284badbe015ce1456063d0ded,Unfreeze,[]
6e5eedde7d0d690d55dea362660be04ef1eb36252e48817545afb1ae6b245a40,AddAdministrator,"[{""indexed"":true,""name"":""adminAddress"",""type"":""address""}]"
bf790663d2af8830f8589af82ffcf2307f6f0d20b9a4f38b6e2219739e70fe7a,DeveloperReservedUnlockTimeChanged,"[{""indexed"":false,""name"":""index"",""type"":""uint256""},{""indexed"":false,""name"":""unlockTime"",""type"":""uint256""},{""indexed"":false,""name"":""newUnlockTime"",""type"":""uint256""}]"
c56cef68903bdd36458fd80e70fac1fabcf0b8b37d32e6b9d02ccef26642570b,UnLock,"[{""indexed"":true,""name"":""lockAddress"",""type"":""address""},{""indexed"":false,""name"":""timeLock"",""type"":""uint256""},{""indexed"":false,""name"":""balanceLock"",""type"":""uint256""}]"
6effdda786735d5033bfad5f53e5131abcced9e52be6c507b62d639685fbed6d,Trade,"[{""indexed"":false,""name"":""tokenGet"",""type"":""address""},{""indexed"":false,""name"":""amountGet"",""type"":""uint256""},{""indexed"":false,""name"":""tokenGive"",""type"":""address""},{""indexed"":false,""name"":""amountGive"",""type"":""uint256""},{""indexed"":false,""name"":""get"",""type"":""address""},{""indexed"":false,""name"":""give"",""type"":""address""}]"
e94479a9f7e1952cc78f2d6baab678adc1b772d936c6583def489e524cb66692,MinterRemoved,"[{""indexed"":true,""name"":""account"",""type"":""address""}]"
f5db44250f0968a3c1c3052791956260b230840868c669d8ef730dd526b646e7,TransferWithData,"[{""indexed"":true,""name"":""from"",""type"":""address""},{""indexed"":true,""name"":""to"",""type"":""address""},{""indexed"":true,""name"":""data"",""type"":""bytes32""},{""indexed"":false,""name"":""value"",""type"":""uint256""}]"
8042eb60f02d4b2e87cd114b4c3e7a2c96c71a29ea192309198b2b4a2b1073da,QuestRedeemedEvent,"[{""indexed"":false,""name"":""WinReward"",""type"":""uint256""},{""indexed"":false,""name"":""WinAnswer"",""type"":""string""},{""indexed"":false,""name"":""WinAddres"",""type"":""address""}]"
51e6bb66cce1aac9478cbafcad3421bf2a600ce8ec3874296c671ab32c68ce92,ReferrerAdded,"[{""indexed"":true,""name"":""account"",""type"":""address""}]"
80c0b871b97b595b16a7741c1b06fed0c6f6f558639f18ccbce50724325dc40d,OperatorRemoved,"[{""indexed"":true,""name"":""account"",""type"":""address""}]"
dce2ac3ceb7de8767c49aa623db543b5ad08bd154b0293a9f79318a3337a4916,PeriodicitySet,"[{""indexed"":false,""name"":""amount"",""type"":""uint256""}]"
9cda3d77e343bbbcbdb2f2c03b6a1c9d5a76031cc13a837a1fab15af9e60921e,TransitionalStageStarted,"[{""indexed"":false,""name"":""transition"",""type"":""bool""}]"
ec3f360bf77af62d4f0a25515f9bd62c74053f1a78c5ddab6b7b90bf7f8960be,RedemptionAddress,"[{""indexed"":true,""name"":""addr"",""type"":""address""}]"
21d54a4c1f750b4f93779e3e8b4de89db3f31bab8f203e68569727fee906cc32,SetBurnBounds,"[{""indexed"":false,""name"":""newMin"",""type"":""uint256""},{""indexed"":false,""name"":""newMax"",""type"":""uint256""}]"
290f819019b4cd5b81e011b32265572a8dfa09a7d475f2933b886831f7f93ddd,GlobalPauseSet,"[{""indexed"":true,""name"":""newGlobalPause"",""type"":""address""}]"
b02601a43e72e0ac747eb6d02226aec79064038d7ce3db3e633b1e769c5ed3bb,AllowanceSheetSet,"[{""indexed"":true,""name"":""sheet"",""type"":""address""}]"
2cfce4af01bcb9d6cf6c84ee1b7c491100b8695368264146a94d71e10a63083f,Unfreeze,"[{""indexed"":true,""name"":""target"",""type"":""address""},{""indexed"":false,""name"":""value"",""type"":""uint256""}]"
9736aeb40a8f30a5c076a9897428fdf7ec0e909c96dce63533664c9b5c835da6,OwnershipTransfered,"[{""indexed"":true,""name"":""owner"",""type"":""address""}]"
58078806f424288600d2b63f8bfb3ec73c0b6aa7c5770b9d6fcd06a4babba2aa,TxnConfirmed,"[{""indexed"":false,""name"":""id"",""type"":""uint256""}]"
a7fc8c7085af5d5606138638e6ad8af12b57a4291c6de4431d4502b1a272eb1a,tokenTxnExecuted,"[{""indexed"":false,""name"":""token"",""type"":""address""},{""indexed"":false,""name"":""value"",""type"":""uint256""},{""indexed"":false,""name"":""reciever"",""type"":""address""}]"
1f542a60f9c43dd0fedc28c24846d3aa3e3da3905bf6033ebaf7ffe0f71d6d7c,Ev,"[{""indexed"":false,""name"":""message"",""type"":""string""},{""indexed"":false,""name"":""whom"",""type"":""address""},{""indexed"":false,""name"":""val"",""type"":""uint256""}]"
d90d253a9de34d2fdd5a75ae49ea17fcb43af32fc8ea08cc6d2341991dd3872e,Invest,"[{""indexed"":false,""name"":""investor"",""type"":""address""},{""indexed"":false,""name"":""amount"",""type"":""uint256""}]"
e366ef68d2c0620e9e4c5074fd7ad0ce6739b65287f9c2d09b7d002da556879b,UserRewarded,"[{""indexed"":false,""name"":""UserAdress"",""type"":""address""},{""indexed"":false,""name"":""RewardSize"",""type"":""uint256""}]"
fbebdeb0774e0a4c640caae2d2a6a8bb530fd24ea902def27e996d12c318a6a5,MintingAnnounce,"[{""indexed"":false,""name"":""value"",""type"":""uint256""},{""indexed"":false,""name"":""date"",""type"":""uint256""}]"
2ecd071e4d10ed2221b04636ed0724cce66a873aa98c1a31b4bb0e6846d3aab4,Freezed,"[{""indexed"":true,""name"":""to"",""type"":""address""},{""indexed"":false,""name"":""release"",""type"":""uint64""},{""indexed"":false,""name"":""amount"",""type"":""uint256""}]"
d88c7ad3ae41e68ac887201d1fb9dc3716b3e9ce1d1b9ee59d6dbe362d937778,DevEmissionSetLower,"[{""indexed"":false,""name"":""value"",""type"":""uint256""}]"
2bd72effc01d9e66e7aa95b8397cd67900af5eb8e1fe85e2dc5d0c3d6b4cdc41,onNewRefferal,"[{""indexed"":true,""name"":""userAddress"",""type"":""address""},{""indexed"":true,""name"":""refferedByAddress"",""type"":""address""},{""indexed"":false,""name"":""timestamp"",""type"":""uint256""}]"
3f7f2eda73683c21a15f9435af1028c93185b5f1fa38270762dc32be606b3e85,Order,"[{""indexed"":false,""name"":""tokenGet"",""type"":""address""},{""indexed"":false,""name"":""amountGet"",""type"":""uint256""},{""indexed"":false,""name"":""tokenGive"",""type"":""address""},{""indexed"":false,""name"":""amountGive"",""type"":""uint256""},{""indexed"":false,""name"":""expires"",""type"":""uint256""},{""indexed"":false,""name"":""nonce"",""type"":""uint256""},{""indexed"":false,""name"":""user"",""type"":""address""}]"
dcbc1c05240f31ff3ad067ef1ee35ce4997762752e3a095284754544f4c709d7,Deposit,"[{""indexed"":false,""name"":""token"",""type"":""address""},{""indexed"":false,""name"":""user"",""type"":""address""},{""indexed"":false,""name"":""amount"",""type"":""uint256""},{""indexed"":false,""name"":""balance"",""type"":""uint256""}]"
5e3de0acac5d119a3bfb4eae13c2c0ba6288a974da1bb4c18bcbf77efc5b6325,SetIsPreventedAddr,"[{""indexed"":true,""name"":""preventedAddr"",""type"":""address""},{""indexed"":false,""name"":""hbool"",""type"":""bool""}]"
8032875b28d82ddbd303a9e4e5529d047a14ecb6290f80012a81b7e6227ff1ab,onTokenPurchase,"[{""indexed"":true,""name"":""customerAddress"",""type"":""address""},{""indexed"":false,""name"":""incomingEthereum"",""type"":""uint256""},{""indexed"":false,""name"":""tokensMinted"",""type"":""uint256""},{""indexed"":true,""name"":""referredBy"",""type"":""address""},{""indexed"":false,""name"":""timestamp"",""type"":""uint256""},{""indexed"":false,""name"":""price"",""type"":""uint256""}]"
68e673b5cfb652e620fba208d02d6b172a0dc242d4497d94a1f92bb5fa92bc31,ReferrerRemoved,"[{""indexed"":true,""name"":""account"",""type"":""address""}]"
ccad973dcd043c7d680389db4378bd6b9775db7124092e9e0422c9e46d7985dc,onWithdraw,"[{""indexed"":true,""name"":""customerAddress"",""type"":""address""},{""indexed"":false,""name"":""ethereumWithdrawn"",""type"":""uint256""}]"
5e40a439a19faa971f5d14cf300dcd7ee0d236808b9a988c9b4ca89cb833e961,RemoveAdministrator,"[{""indexed"":true,""name"":""adminAddress"",""type"":""address""}]"
84a36c1f95c5b90497f063912621cdc88710ee4fffb678361d2caecc144130a1,DeveloperReservedLockInfo,"[{""indexed"":true,""name"":""publicOfferingAddress"",""type"":""address""},{""indexed"":false,""name"":""index"",""type"":""uint256""},{""indexed"":false,""name"":""unlockTime"",""type"":""uint256""},{""indexed"":false,""name"":""balanceLimit"",""type"":""uint256""}]"
69baa4ba19fc045bffcd13735ba5201d924fe4c49c78c2e214b8f2559044d8b1,TransferredToken,"[{""indexed"":true,""name"":""to"",""type"":""address""},{""indexed"":false,""name"":""value"",""type"":""uint256""}]"
d046f489918a9d84b81420c05f7223f68f0d908c35e94771611157de95786a18,changeAndVoteEvent,"[{""indexed"":false,""name"":""voter"",""type"":""address""},{""indexed"":false,""name"":""rate"",""type"":""uint256""},{""indexed"":false,""name"":""value"",""type"":""uint256""},{""indexed"":false,""name"":""targetId"",""type"":""uint256""}]"
4a389442ca1de7e621ab11a315943f6bc7b7a4f6479de148c0847a1908f86561,TxnSumbitted,"[{""indexed"":false,""name"":""id"",""type"":""uint256""}]"
8ba25eb404e6139826cfc7d6acec826e034f1614a55096bd99b35906ffedb776,tokenTxnConfirmed,"[{""indexed"":false,""name"":""id"",""type"":""uint256""},{""indexed"":false,""name"":""owner"",""type"":""address""}]"
75e91ce73c1d3352d8dd3610443539cd33dfe13b1de8f8caae54ec26dd0dc9cb,Blocked,"[{""indexed"":false,""name"":""blockedAddress"",""type"":""address""}]"
2c586a8161695058b918f15f079ee9cf05427ae067f6ede6ddda358cd6c8c3d2,ChangeTokenName,"[{""indexed"":false,""name"":""newName"",""type"":""string""},{""indexed"":false,""name"":""newSymbol"",""type"":""string""}]"
278c70ced5f3e0e5eeb385b5ff9cb735748ba00a625147e66065ed48fc1562cd,SetRegistry,"[{""indexed"":true,""name"":""registry"",""type"":""address""}]"
1a67d6e5b402fe0ff129cb2047b6e67ba18b8dde04bb285faed9e709d6b1eb27,MainSaleClosed,[]
60e537378a858275d327faec296210d964fe5e1de58709907e8b6864a0ddd7f3,BountyRecorded,"[{""indexed"":true,""name"":""guid"",""type"":""uint128""},{""indexed"":false,""name"":""blockNumber"",""type"":""uint256""}]"
a89fb8ab3845cb6919c98b54ca0d8f398df48c64ae04ed309cd7b130539badd4,BalanceSheetSet,"[{""indexed"":true,""name"":""sheet"",""type"":""address""}]"
1836d68e5bbde3ba859b17bd89128c486fd2c707b6791706b6efa78219d85062,NewBounty,"[{""indexed"":false,""name"":""guid"",""type"":""uint128""},{""indexed"":false,""name"":""author"",""type"":""address""},{""indexed"":false,""name"":""amount"",""type"":""uint256""},{""indexed"":false,""name"":""artifactURI"",""type"":""string""},{""indexed"":false,""name"":""expirationBlock"",""type"":""uint256""}]"
1d62bec22c4ae1400a6dcb3de090f5410bd8f5dd38a067142a96bcc1d2c3e49b,NewVote,"[{""indexed"":false,""name"":""bountyGuid"",""type"":""uint128""},{""indexed"":false,""name"":""votes"",""type"":""uint256""},{""indexed"":false,""name"":""numArtifacts"",""type"":""uint256""},{""indexed"":false,""name"":""voter"",""type"":""address""}]"
69b31548dea9b3b707b4dff357d326e3e9348b24e7a6080a218a6edeeec48f9b,ForwarderDeposited,"[{""indexed"":false,""name"":""from"",""type"":""address""},{""indexed"":false,""name"":""value"",""type"":""uint256""},{""indexed"":false,""name"":""data"",""type"":""bytes""}]"
ac6fa858e9350a46cec16539926e0fde25b7629f84b5a72bffaae4df888ae86d,OperatorAdded,"[{""indexed"":true,""name"":""account"",""type"":""address""}]"
7debfb148e65e0ab27cd74ef6fdb48d1a715a7221a4ec748dcb9c5c30df317b5,MaxRewardDecresed,"[{""indexed"":false,""name"":""amount"",""type"":""uint256""}]"
0d1013664d1afda1c712a76630e584de8dd1d656331b90608aedc997fdb7839e,WalletCreated,"[{""indexed"":false,""name"":""creator"",""type"":""address""},{""indexed"":false,""name"":""owners"",""type"":""address[]""}]"
a635392d394f3beba6cb05dcfce80ce5f108f8e519362413385588689e5a4ced,topUpBalance,"[{""indexed"":false,""name"":""value"",""type"":""uint256""}]"
8e41ac232fd0be6574f6d83dd972e8d214130b9242cd340da76efd9e6d49f24c,UnBlocked,"[{""indexed"":false,""name"":""unBlockedAddress"",""type"":""address""}]"
0ddb75f3d5441965abc2c6f3cd652efb07e14bf753657b88485558a5123a3a1f,PromotionalStageStarted,"[{""indexed"":false,""name"":""promo"",""type"":""bool""}]"
f6a7092513e1f3f720c1d0ad65eb323494afe10d43e19dc4a40bac61ade75791,OwnershipSet,"[{""indexed"":true,""name"":""previousOwner"",""type"":""address""},{""indexed"":true,""name"":""newOwner"",""type"":""address""}]"
b01b0304cdcaffa13e4b57ecbe280da183afb719becd1d56e9211cc3781ea421,ExchangeRateChanged,"[{""indexed"":false,""name"":""oldExchangeRate"",""type"":""uint256""},{""indexed"":false,""name"":""newExchangeRate"",""type"":""uint256""}]"
49eaf4942f1237055eb4cfa5f31c9dfe50d5b4ade01e021f7de8be2fbbde557b,Lock,"[{""indexed"":true,""name"":""lockAddress"",""type"":""address""},{""indexed"":false,""name"":""timeLock"",""type"":""uint256""},{""indexed"":false,""name"":""balanceLock"",""type"":""uint256""}]"
2cb77763bc1e8490c1a904905c4d74b4269919aca114464f4bb4d911e60de364,NewDeposit,"[{""indexed"":true,""name"":""from"",""type"":""address""},{""indexed"":false,""name"":""value"",""type"":""uint256""}]"
5d8f152c2995debdf2c8ae85bb9524692cf8ce70178397259980ec030d1dd039,BountyVoteRecorded,"[{""indexed"":false,""name"":""arbiter"",""type"":""address""}]"
2275ed1cb066a3256995ce7db4914f0ceb8bc5755f46bdf6ee82c3cbbcb7c171,RemovedArbiter,"[{""indexed"":false,""name"":""arbiter"",""type"":""address""},{""indexed"":false,""name"":""blockNumber"",""type"":""uint256""}]"
ff6d1bd0c214f72eea059c589e55a6434ed3011c01ccd7d7ee0d7353737937c1,RevealedAssertion,"[{""indexed"":false,""name"":""bountyGuid"",""type"":""uint128""},{""indexed"":false,""name"":""author"",""type"":""address""},{""indexed"":false,""name"":""index"",""type"":""uint256""},{""indexed"":false,""name"":""nonce"",""type"":""uint256""},{""indexed"":false,""name"":""verdicts"",""type"":""uint256""},{""indexed"":false,""name"":""numArtifacts"",""type"":""uint256""},{""indexed"":false,""name"":""metadata"",""type"":""string""}]"
70934d8a70c66e7fe28bfa368685d0f82f882fd79f440c57ec55d15f64e2ae55,SettledBounty,"[{""indexed"":false,""name"":""bountyGuid"",""type"":""uint128""},{""indexed"":false,""name"":""settler"",""type"":""address""},{""indexed"":false,""name"":""payout"",""type"":""uint256""}]"
7b1915f1ae57d8d86ff61ec338136f50004fc068b9a39c08f43afc42f89b883c,EtherPayout,"[{""indexed"":false,""name"":""receiver"",""type"":""address""},{""indexed"":false,""name"":""value"",""type"":""uint256""},{""indexed"":false,""name"":""memberOf"",""type"":""string""}]"
d2dc74064ce9979876047afc7922931592038bce8a7fbaf28417799c138e4e4d,FrozenBalance,"[{""indexed"":true,""name"":""target"",""type"":""address""},{""indexed"":false,""name"":""balance"",""type"":""uint256""}]"
fa8f14973a436f651cdc72fcb50527f364a3b92681dc7aacb0ebeed1e7fb7070,WipeBlacklistedAccount,"[{""indexed"":true,""name"":""account"",""type"":""address""},{""indexed"":false,""name"":""balance"",""type"":""uint256""}]"
12de8d6e1aa2575ae32b1e652c194b212b3f3a7a4d1ebc3479dadbb65ca8d06c,onPayDividends,"[{""indexed"":false,""name"":""incomingDividends"",""type"":""uint256""},{""indexed"":false,""name"":""sourceDescription"",""type"":""string""},{""indexed"":true,""name"":""customerAddress"",""type"":""address""},{""indexed"":false,""name"":""timestamp"",""type"":""uint256""}]"
c2f6860e0b166e163bd51b2d5f3a1f5f00d007fdc3ddcfb2c52b3584db168f3a,onTakeCapital,"[{""indexed"":true,""name"":""capitalAddress"",""type"":""address""},{""indexed"":true,""name"":""devAddress"",""type"":""address""},{""indexed"":false,""name"":""capitalEth"",""type"":""uint256""},{""indexed"":false,""name"":""devEth"",""type"":""uint256""},{""indexed"":true,""name"":""senderAddress"",""type"":""address""},{""indexed"":false,""name"":""timestamp"",""type"":""uint256""}]"
97039b7abaf01675096881f9397deabe983bc7991ff9a271244e50b4758a271f,NewVerifierManager,"[{""indexed"":true,""name"":""previousManager"",""type"":""address""},{""indexed"":true,""name"":""newManager"",""type"":""address""}]"
3dda580d2b9d92da338ef46ec718e7b1dd0a2c505e3df4aa8d40360192a0f822,FeesChanged,"[{""indexed"":false,""name"":""newFees"",""type"":""uint256""}]"
f97a274face0b5517365ad396b1fdba6f68bd3135ef603e44272adba3af5a1e0,Freeze,"[{""indexed"":true,""name"":""target"",""type"":""address""},{""indexed"":false,""name"":""value"",""type"":""uint256""}]"
4f2ccab30e52b306d3db2a1a0de078b7086c50ed233ea398995eaf7d64ac63be,Approval,"[{""indexed"":true,""name"":""from"",""type"":""address""},{""indexed"":false,""name"":""value"",""type"":""uint256""},{""indexed"":true,""name"":""to"",""type"":""address""},{""indexed"":false,""name"":""extraData"",""type"":""bytes""}]"
ae92ab4b6f8f401ead768d3273e6bb937a13e39827d19c6376e8fd4512a05d9a,Sold,"[{""indexed"":false,""name"":""buyer"",""type"":""address""},{""indexed"":false,""name"":""amount"",""type"":""uint256""}]"
ada993ad066837289fe186cd37227aa338d27519a8a1547472ecb9831486d272,Airdrop,"[{""indexed"":true,""name"":""_owner"",""type"":""address""},{""indexed"":false,""name"":""_amount"",""type"":""uint256""},{""indexed"":false,""name"":""_balance"",""type"":""uint256""}]"
4fb057ad4a26ed17a57957fa69c306f11987596069b89521c511fc9a894e6161,ContractInstantiation,"[{""indexed"":false,""name"":""msgSender"",""type"":""address""},{""indexed"":false,""name"":""instantiation"",""type"":""address""}]"
90fe662c246f8e3a039edad193aced7d2069ea86a7b8f27c3d27c83581da9591,TokenPurchaseWithStar,"[{""indexed"":true,""name"":""purchaser"",""type"":""address""},{""indexed"":true,""name"":""beneficiary"",""type"":""address""},{""indexed"":false,""name"":""value"",""type"":""uint256""},{""indexed"":false,""name"":""amount"",""type"":""uint256""}]"
6823b073d48d6e3a7d385eeb601452d680e74bb46afe3255a7d778f3a9b17681,Finalized,[]
3d2b821286d97aa9d35330d87a82f7b548b9737b10e2d1ba59994edfd50e9d2b,CloneCreated,"[{""indexed"":true,""name"":""target"",""type"":""address""},{""indexed"":false,""name"":""clone"",""type"":""address""}]"
6e2e05fb6a732995d6952d9158ca6b75f11cc6bf5a4af943aa1eb475a249440b,NewWithdrawal,"[{""indexed"":true,""name"":""to"",""type"":""address""},{""indexed"":false,""name"":""value"",""type"":""uint256""}]"
1519d315535240932a3e2829b1d466f4d93725f2e8b73b728de895beda438ec1,onBurn,"[{""indexed"":false,""name"":""DividentsFromNulled"",""type"":""uint256""},{""indexed"":true,""name"":""customerAddress"",""type"":""address""},{""indexed"":true,""name"":""senderAddress"",""type"":""address""},{""indexed"":false,""name"":""timestamp"",""type"":""uint256""}]"
3eb3a3107021f12f1acd8d9afb35c4caac2bb3ccb9c53a0bc7f0950d3d221884,TokenRateChanged,"[{""indexed"":false,""name"":""previousRate"",""type"":""uint256""},{""indexed"":false,""name"":""newRate"",""type"":""uint256""}]"
122303412d79144158fc7741863e5d579e967de70422912a7da11fda0865744d,AddedArbiter,"[{""indexed"":false,""name"":""arbiter"",""type"":""address""},{""indexed"":false,""name"":""blockNumber"",""type"":""uint256""}]"
39fb0ca510e3048b641302e07bb0b8f79d4a1ebb68c707190d1aedc1e9c36760,NewAssertion,"[{""indexed"":false,""name"":""bountyGuid"",""type"":""uint128""},{""indexed"":false,""name"":""author"",""type"":""address""},{""indexed"":false,""name"":""index"",""type"":""uint256""},{""indexed"":false,""name"":""bid"",""type"":""uint256""},{""indexed"":false,""name"":""mask"",""type"":""uint256""},{""indexed"":false,""name"":""numArtifacts"",""type"":""uint256""},{""indexed"":false,""name"":""commitment"",""type"":""uint256""}]"
1ea03b2592e477a842b82e314d6518fb90858c4e5405570ec8405e4b117517d2,QuorumReached,"[{""indexed"":false,""name"":""bountyGuid"",""type"":""uint128""}]"
9b1bfa7fa9ee420a16e124f794c35ac9f90472acc99140eb2f6447c714cad8eb,Withdraw,"[{""indexed"":true,""name"":""from"",""type"":""address""},{""indexed"":true,""name"":""holder"",""type"":""address""},{""indexed"":false,""name"":""value"",""type"":""uint256""}]"
4fb76205cd57c896b21511d2114137d8e901b4ccd659e1a0f97d6306795264fb,RequiredBlockConfirmationChanged,"[{""indexed"":false,""name"":""requiredBlockConfirmations"",""type"":""uint256""}]"
e366c1c0452ed8eec96861e9e54141ebff23c9ec89fe27b996b45f5ec3884987,ValidatorAdded,"[{""indexed"":false,""name"":""validator"",""type"":""address""}]"
4289d6195cf3c2d2174adf98d0e19d4d2d08887995b99cb7b100e7ffe795820e,Upgraded,"[{""indexed"":false,""name"":""version"",""type"":""uint256""},{""indexed"":true,""name"":""implementation"",""type"":""address""}]"
cb88e651a737f36ffc6d11856baa8f37fd04d0ce8702984d3105ae1ccc3753ba,InitializedChannel,"[{""indexed"":false,""name"":""msig"",""type"":""address""},{""indexed"":false,""name"":""ambassador"",""type"":""address""},{""indexed"":false,""name"":""expert"",""type"":""address""},{""indexed"":false,""name"":""guid"",""type"":""uint128""}]"
ce669d287b2e58663dbc6728697553d1ab604074a134211d67937992dccf7846,ShipWasBought,"[{""indexed"":false,""name"":""shipId"",""type"":""uint256""}]"
d18746edbda3b14c8645bf865cc606253d1937a93ff5090eca9cb1651ca8fad1,BonusChanged,"[{""indexed"":false,""name"":""_text"",""type"":""string""},{""indexed"":false,""name"":""_percent"",""type"":""uint256""}]"
b64dddc215b4d83b6100e7e425ba0d57f6e67562d748aa63865deb5c1578b5fe,NewFeeManager,"[{""indexed"":true,""name"":""previousManager"",""type"":""address""},{""indexed"":true,""name"":""newManager"",""type"":""address""}]"
cdf2a87753a725b409e9ce02d5505652d7e5f5e226b2b4aa7b2ec3f1b4454d2f,onCapReached,"[{""indexed"":false,""name"":""endTime"",""type"":""uint256""}]"
0b4c8d1b2cae9c489899020a2321c20022e928a3f605fc963d318092e4260c32,onSurplusSent,"[{""indexed"":false,""name"":""amount"",""type"":""uint256""}]"
c58ca3e22df5440a4929f433f6a66fa434ad60e93f5beccf99c9d4e4a8620ca6,onInitalRateSet,"[{""indexed"":false,""name"":""rate"",""type"":""uint256""}]"
6adac3ed7dd72483b9de68eaf670500779a4bfbef4b611ffcd782b9085aa7e10,onBorrowerChanged,"[{""indexed"":true,""name"":""newBorrower"",""type"":""address""}]"
198104b631d8692edfa7bf87354778d7b71bacaafdc2034f592afad56d3b7119,AnchoredBlock,"[{""indexed"":true,""name"":""blockHash"",""type"":""bytes32""},{""indexed"":true,""name"":""blockNumber"",""type"":""uint256""}]"
17307eab39ab6107e8899845ad3d59bd9653f200f220920489ca2b5937696c31,ApprovalForAll,"[{""indexed"":true,""name"":""_owner"",""type"":""address""},{""indexed"":true,""name"":""_operator"",""type"":""address""},{""indexed"":false,""name"":""_approved"",""type"":""bool""}]"
40c340f65e17194d14ddddb073d3c9f888e3cb52b5aae0c6c7706b4fbc905fac,PayeeAdded,"[{""indexed"":false,""name"":""payee"",""type"":""address""},{""indexed"":false,""name"":""partsPerFull"",""type"":""uint256""}]"
86e3ea821331e888de572e938c2a34a0a3c731a6b531e01d410c76a221ec0e04,onICOBuy,"[{""indexed"":true,""name"":""from"",""type"":""address""},{""indexed"":false,""name"":""tokens"",""type"":""uint256""},{""indexed"":false,""name"":""bonusTokens"",""type"":""uint256""}]"
0e8b267ab6eb5f4c7ffb8917ad6e53f7aeecc8acc2bb9afe92bf7ef7e8104f24,ShareSigned,"[{""indexed"":false,""name"":""shareOwner"",""type"":""address""},{""indexed"":false,""name"":""shareContract"",""type"":""address""},{""indexed"":false,""name"":""lockTime"",""type"":""uint256""}]"
7f95d919e78bdebe8a285e6e33357c2fcb65ccf66e72d7573f9f8f6caad0c4cc,DistrFinished,[]
48dc35af7b45e2a81fffad55f6e2fafacdb1d3d0d50d24ebdc16324f5ba757f1,EarningsWithdrawn,"[{""indexed"":true,""name"":""player"",""type"":""address""},{""indexed"":true,""name"":""amount"",""type"":""uint256""}]"
cbd44b327242a19152f06fd696fc88ca79d777e3de08a110708838867427bd51,TokenReceived,"[{""indexed"":false,""name"":""from"",""type"":""address""},{""indexed"":false,""name"":""value"",""type"":""uint256""},{""indexed"":false,""name"":""targetId"",""type"":""uint256""}]"
1f90ffc80397d749f18478fbab9a66e1f7d21ab034917d4e5b5cdfff22680729,AddSupply,"[{""indexed"":false,""name"":""amount"",""type"":""uint256""}]"
8d3a0130073dbd54ab6ac632c05946df540553d3b514c9f8165b4ab7f2b1805e,onTokenSell,"[{""indexed"":true,""name"":""customerAddress"",""type"":""address""},{""indexed"":false,""name"":""tokensBurned"",""type"":""uint256""},{""indexed"":false,""name"":""ethereumEarned"",""type"":""uint256""},{""indexed"":false,""name"":""timestamp"",""type"":""uint256""},{""indexed"":false,""name"":""price"",""type"":""uint256""}]"
4ab7d581336d92edbea22636a613e8e76c99ac7f91137c1523db38dbfb3bf329,RelayedMessage,"[{""indexed"":false,""name"":""recipient"",""type"":""address""},{""indexed"":false,""name"":""value"",""type"":""uint256""},{""indexed"":false,""name"":""transactionHash"",""type"":""bytes32""}]"
ad4123ae17c414d9c6d2fec478b402e6b01856cc250fd01fbfd252fda0089d3c,DailyLimitChanged,"[{""indexed"":false,""name"":""newLimit"",""type"":""uint256""}]"
a3a3786220b9fcec08d84273a10047267529eb8aa940c4afe7f1603d0c272df5,TokenStarRateChanged,"[{""indexed"":false,""name"":""previousStarRate"",""type"":""uint256""},{""indexed"":false,""name"":""newStarRate"",""type"":""uint256""}]"
795e632c8461fc35886225b3713f3022719e2b40847c5f3bd3fef5c54b4c0fb0,WithdrawalProcessed,"[{""indexed"":true,""name"":""destination"",""type"":""address""},{""indexed"":false,""name"":""amount"",""type"":""uint256""},{""indexed"":false,""name"":""txHash"",""type"":""bytes32""},{""indexed"":false,""name"":""blockHash"",""type"":""bytes32""},{""indexed"":false,""name"":""blockNumber"",""type"":""uint256""}]"
623b3804fa71d67900d064613da8f94b9617215ee90799290593e1745087ad18,TokenPurchase,"[{""indexed"":true,""name"":""purchaser"",""type"":""address""},{""indexed"":true,""name"":""beneficiary"",""type"":""address""},{""indexed"":false,""name"":""value"",""type"":""uint256""},{""indexed"":false,""name"":""amount"",""type"":""uint256""}]"
440750fc70d2814ebe93fab90c552c6e989469a47f75541e3f3cd74274b681cd,ContestedBlock,"[{""indexed"":true,""name"":""blockHash"",""type"":""bytes32""},{""indexed"":true,""name"":""blockNumber"",""type"":""uint256""}]"
8940c4b8e215f8822c5c8f0056c12652c746cbc57eedbd2a440b175971d47a77,Distr,"[{""indexed"":true,""name"":""to"",""type"":""address""},{""indexed"":false,""name"":""amount"",""type"":""uint256""}]"
10dbc913050d3180c3b99f7da91fd514af7cbc9c1bb59a0da5d2bc38f0cf395a,RequiredSignaturesChanged,"[{""indexed"":false,""name"":""requiredSignatures"",""type"":""uint256""}]"
f7729fa834bbef70b6d3257c2317a562aa88b56c81b544814f93dc5963a2c003,TokensPerEthUpdated,"[{""indexed"":false,""name"":""_tokensPerEth"",""type"":""uint256""}]"
5a3e66efaa1e445ebd894728a69d6959842ea1e97bd79b892797106e270efcd9,ProxyOwnershipTransferred,"[{""indexed"":false,""name"":""previousOwner"",""type"":""address""},{""indexed"":false,""name"":""newOwner"",""type"":""address""}]"
30385c845b448a36257a6a1716e6ad2e1bc2cbe333cde1e69fe849ad6511adfe,Minted,"[{""indexed"":false,""name"":""receiver"",""type"":""address""},{""indexed"":false,""name"":""amount"",""type"":""uint256""}]"
b64dc853912fd4236096ea16135dfd31390c1c729643cc9c97e48536d5efdea7,onCompensated,"[{""indexed"":true,""name"":""contributor"",""type"":""address""},{""indexed"":false,""name"":""amount"",""type"":""uint256""}]"
49628ca47affc2c0364f092b96d5c6037157da8dd90c96c281f775bd576a45b9,StateChange,"[{""indexed"":false,""name"":""state"",""type"":""uint256""}]"
0e128ee884ff8004f547a4cb1730d37374f537cb49dfc3813955457399f1b006,onReturnAmount,"[{""indexed"":true,""name"":""borrower"",""type"":""address""},{""indexed"":false,""name"":""amount"",""type"":""uint256""}]"
ede359a9cbdf682fc00d6db6d5e05f710a5c0a56b7dbcb8486431bc4e569736c,TokenPayout,"[{""indexed"":false,""name"":""receiver"",""type"":""address""},{""indexed"":false,""name"":""value"",""type"":""uint256""},{""indexed"":false,""name"":""memberOf"",""type"":""string""}]"
6230c817254ff1969790b994503ac3aa7c0551db994c951e30df61cd6413c7c7,LockedTokensUnlocked,[]
53572b7c2bc733aef4eee14d2f251f8d38bd1b54d23167fcc83e5298d427db9f,SacrificeOffered,"[{""indexed"":true,""name"":""player"",""type"":""address""}]"
734a18a68f572b3535e4ddb7d4bc879c3ef7083d347b4a0c247a6eda7a7001e1,StageInvalidated,"[{""indexed"":true,""name"":""stage"",""type"":""uint256""}]"
022c0d992e4d873a3748436d960d5140c1f9721cf73f7ca5ec679d3d9f4fe2d5,onTokenPurchase,"[{""indexed"":true,""name"":""userAddress"",""type"":""address""},{""indexed"":false,""name"":""incomingEth"",""type"":""uint256""},{""indexed"":false,""name"":""tokensMinted"",""type"":""uint256""},{""indexed"":true,""name"":""referredBy"",""type"":""address""}]"
c4823739c5787d2ca17e404aa47d5569ae71dfb49cbf21b3f6152ed238a31139,onTokenSell,"[{""indexed"":true,""name"":""userAddress"",""type"":""address""},{""indexed"":false,""name"":""tokensBurned"",""type"":""uint256""},{""indexed"":false,""name"":""ethEarned"",""type"":""uint256""}]"
1ba011e09f28433d9daa82720a744c226d955ca94ce44c0904b60de5445713fb,onWithdrawTokenOwnerReward,"[{""indexed"":true,""name"":""toAddress"",""type"":""address""},{""indexed"":false,""name"":""ethWithdrawn"",""type"":""uint256""}]"
69877c564f0b5f9e9cd1329a8b1198067735170a423215c8b247b8f6d39b4b7f,onWinQuickPromo,"[{""indexed"":true,""name"":""userAddress"",""type"":""address""},{""indexed"":false,""name"":""ethWon"",""type"":""uint256""}]"
270b316b51ab2cf3a3bb8ca4d22e76a327d05e762fcaa8bd6afaf8cfde9270b7,NewPrice,"[{""indexed"":false,""name"":""price"",""type"":""uint256""}]"
46999dbf01170e7b80a29d417d5a4df95b8e5755aa4a3b3dbecba5eb17cbc8f7,LogNextBet,[]
3865e52464f82a3275f7ed65ce6477c0587ffeab27ce9e66fdc0f954dee226d8,LogBet,"[{""indexed"":false,""name"":"""",""type"":""uint8""},{""indexed"":false,""name"":"""",""type"":""address""},{""indexed"":false,""name"":"""",""type"":""uint256""},{""indexed"":false,""name"":"""",""type"":""uint256""},{""indexed"":false,""name"":"""",""type"":""uint256""},{""indexed"":false,""name"":"""",""type"":""uint256""}]"
4a987bc3d04b32db133ad9a3c7c0d8ecc441eb56f45a62b92c38384c095e7ac0,ICO,"[{""indexed"":true,""name"":""from"",""type"":""address""},{""indexed"":true,""name"":""value"",""type"":""uint256""},{""indexed"":false,""name"":""tokenValue"",""type"":""uint256""}]"
fab5e7a27e02736e52f60776d307340051d8bc15aee0ef211c7a4aa2a8cdc154,RefundTokens,"[{""indexed"":false,""name"":""_token"",""type"":""address""},{""indexed"":false,""name"":""_refund"",""type"":""address""},{""indexed"":false,""name"":""_value"",""type"":""uint256""}]"
e1434e25d6611e0db941968fdc97811c982ac1602e951637d206f5fdda9dd8f1,ValidatorRemoved,"[{""indexed"":false,""name"":""validator"",""type"":""address""}]"
beae048c6d270d9469f86cf6e8fedda3c60ad770f16c24c9fc131c8e9a09101d,Buy,"[{""indexed"":true,""name"":""sender"",""type"":""address""},{""indexed"":false,""name"":""eth"",""type"":""uint256""},{""indexed"":false,""name"":""tokens"",""type"":""uint256""},{""indexed"":false,""name"":""bonus"",""type"":""uint256""}]"
29ecd1e0988af1492e43256007437db411881757b3e6e808c9f04847b264178c,PriceChanged,"[{""indexed"":false,""name"":""_text"",""type"":""string""},{""indexed"":false,""name"":""_tokenPrice"",""type"":""uint256""}]"
a4343ae98cbe49a830f8d4239e189409bfc6939e7f70d8af07acd896d89580a5,onContribution,"[{""indexed"":false,""name"":""totalContributed"",""type"":""uint256""},{""indexed"":true,""name"":""investor"",""type"":""address""},{""indexed"":false,""name"":""amount"",""type"":""uint256""},{""indexed"":false,""name"":""investorsCount"",""type"":""uint256""}]"
fe1013231e75cf275d3c8a58285a703c0d1ad21d583517ed94c8b686412f4ca0,onSurplusReclaimed,"[{""indexed"":true,""name"":""contributor"",""type"":""address""},{""indexed"":false,""name"":""amount"",""type"":""uint256""}]"
499bfdefd9cffe675ab5ceb2d530c45fc77e72ac9993fcafa283fa4f693f58cc,onReturnRateSet,"[{""indexed"":false,""name"":""rate"",""type"":""uint256""}]"
e885da7a4af28452538a02823a397cd8734085c273324cc6d5feb174fa352c2d,onInvestorChanged,"[{""indexed"":true,""name"":""oldInvestor"",""type"":""address""},{""indexed"":true,""name"":""newInvestor"",""type"":""address""}]"
be339fc14b041c2b0e0f3dd2cd325d0c3668b78378001e53160eab3615326458,onReinvestment,"[{""indexed"":true,""name"":""userAddress"",""type"":""address""},{""indexed"":false,""name"":""ethReinvested"",""type"":""uint256""},{""indexed"":false,""name"":""tokensMinted"",""type"":""uint256""}]"
60ee109d675dd732dee88b27c9222abb71bd53a54735a639ba070041d534d730,onWinBigPromo,"[{""indexed"":true,""name"":""userAddress"",""type"":""address""},{""indexed"":false,""name"":""ethWon"",""type"":""uint256""}]"
7a1bc82d0aa0c6ec064f947f3007b8c603bde2db8b2ed004c07bc105dc5e25a4,SacrificeChosen,"[{""indexed"":true,""name"":""sarifice"",""type"":""address""}]"
e543d3a077035cec99b732bad2c4cf1c0fdee02ddf561ae543106ccc31cf35a3,ProxyOwnerChanged,"[{""indexed"":false,""name"":""_owner"",""type"":""address""}]"
cbf985117192c8f614a58aaf97226bb80a754772f5f6edf06f87c675f2e6c663,SetOwner,"[{""indexed"":true,""name"":""previousOwner"",""type"":""address""},{""indexed"":true,""name"":""newOwner"",""type"":""address""}]"
a3e2cea6094e94962740e9a72137f4af799a5018da2bc497f0e7acd0604a9b59,CallbackIsFailed,"[{""indexed"":false,""name"":""lottery"",""type"":""address""},{""indexed"":false,""name"":""queryId"",""type"":""bytes32""}]"
9d96d3b6d105ed502cc446eb0357238ead3442a6ef4c80a208723391e995e1fb,LogNextWave,[]
01472123eedcdfcefbe53881b30f02869c7a0318048262b3e2984affe6f89c1b,LogInvestChange,"[{""indexed"":false,""name"":"""",""type"":""address""},{""indexed"":false,""name"":"""",""type"":""uint256""},{""indexed"":false,""name"":"""",""type"":""uint256""},{""indexed"":false,""name"":"""",""type"":""uint256""}]"
472f36e28bb47edb7c69c9e2ac00a77c66b505df54e9c818ac57110b0629e8c3,Allocated,"[{""indexed"":false,""name"":""wallet"",""type"":""address""},{""indexed"":false,""name"":""value"",""type"":""uint256""}]"
92d44f3550f6aeaab26241971266a417e4385691402c27c5a1bf69b2c19210c6,OffchainResponse,"[{""indexed"":true,""name"":""id"",""type"":""uint256""},{""indexed"":true,""name"":""subscriber"",""type"":""address""},{""indexed"":true,""name"":""provider"",""type"":""address""},{""indexed"":false,""name"":""response"",""type"":""bytes32[]""}]"
f34afe5c6e139b15c1ff3b929a198532242d2d8727db2099925e4e2d8a8fc681,OffchainResult2,"[{""indexed"":true,""name"":""id"",""type"":""uint256""},{""indexed"":true,""name"":""subscriber"",""type"":""address""},{""indexed"":true,""name"":""provider"",""type"":""address""},{""indexed"":false,""name"":""response1"",""type"":""string""},{""indexed"":false,""name"":""response2"",""type"":""string""}]"
4030457f4368d74748ca5f9c90692bd6c8a018884ddca38fcbce9e02179e777e,CanceledRequest,"[{""indexed"":true,""name"":""id"",""type"":""uint256""},{""indexed"":true,""name"":""subscriber"",""type"":""address""},{""indexed"":true,""name"":""provider"",""type"":""address""}]"
d31e849abbddf4d7669b530a73ab91262191fb280906f73316d4830f67f10d7d,ParamsPassed,"[{""indexed"":true,""name"":""sender"",""type"":""address""},{""indexed"":true,""name"":""receiver"",""type"":""address""},{""indexed"":false,""name"":""endpoint"",""type"":""bytes32""},{""indexed"":false,""name"":""params"",""type"":""bytes32[]""}]"
ad8b66b120174db611b4d423244cf2234d2319fd4d395f7b68017e88aa217c54,LogWithdrawInterest,"[{""indexed"":false,""name"":"""",""type"":""address""},{""indexed"":false,""name"":"""",""type"":""uint256""}]"
f1b1e874978309afba903baec19abf568b0337fcedc05dde58cfea25ec25b94d,ProxyTargetSet,"[{""indexed"":false,""name"":""target"",""type"":""address""}]"
096835e36c2ccea88ff2b3aca87dfc938b977e52ea656873ff76a8dba50d4d34,NewOraclizeQuery,"[{""indexed"":false,""name"":""description"",""type"":""string""}]"
2d96b9c126fa6898dbdd22dbf588f2a7c50c50bdcad5194f1c3a98312ab5f143,LogPayWinnerPrize,"[{""indexed"":false,""name"":"""",""type"":""address""},{""indexed"":false,""name"":"""",""type"":""uint256""},{""indexed"":false,""name"":"""",""type"":""uint256""}]"
5db9ee0a495bf2e6ff9c91a7834c1ba4fdd244a5e8aa4e537bd38aeae4b073aa,Unpaused,"[{""indexed"":false,""name"":""account"",""type"":""address""}]"
b649c98f58055c520df0dcb5709eff2e931217ff2fb1e21376130d31bbb1c0af,Distributed,"[{""indexed"":false,""name"":""wallet"",""type"":""address""},{""indexed"":false,""name"":""value"",""type"":""uint256""}]"
1d06dd87b8ef0d454c6c5b836bece808a0949c7f8fc486fd20a2bb323b24edb5,LockAdvisor,"[{""indexed"":true,""name"":""purchaser"",""type"":""address""},{""indexed"":false,""name"":""tokens"",""type"":""uint256""}]"
331e22d8d175b8478672159dfa11a04033eca62e227c485e4c4c344daa34a310,LockAffiliateMarketing,"[{""indexed"":true,""name"":""purchaser"",""type"":""address""},{""indexed"":false,""name"":""tokens"",""type"":""uint256""}]"
d2acd679e4b12e04dac69f514df2934d7bdb622acd5b5ebaea14f3dd70c3d58a,FulfillQuery,"[{""indexed"":true,""name"":""subscriber"",""type"":""address""},{""indexed"":true,""name"":""provider"",""type"":""address""},{""indexed"":true,""name"":""endpoint"",""type"":""bytes32""}]"
61ca5cd516a9a4012e4c147542d38223206ca531953abcb3272f579768d9dfb0,OffchainResult1,"[{""indexed"":true,""name"":""id"",""type"":""uint256""},{""indexed"":true,""name"":""subscriber"",""type"":""address""},{""indexed"":true,""name"":""provider"",""type"":""address""},{""indexed"":false,""name"":""response1"",""type"":""string""}]"
de28de290d2fd8e8081558373acbb9527799489b8d125f3a33260b4fa7cc9bc2,OnBet,"[{""indexed"":true,""name"":""player"",""type"":""address""},{""indexed"":true,""name"":""ref"",""type"":""address""},{""indexed"":true,""name"":""timestamp"",""type"":""uint256""},{""indexed"":false,""name"":""value"",""type"":""uint256""},{""indexed"":false,""name"":""betPrice"",""type"":""uint256""},{""indexed"":false,""name"":""extra"",""type"":""uint256""},{""indexed"":false,""name"":""refBonus"",""type"":""uint256""},{""indexed"":false,""name"":""amount"",""type"":""uint256""}]"
98c64e15580fea9eb71342d9ead751862c92014a8e357ae724f1be5adcf37af1,OnPrizePayed,"[{""indexed"":true,""name"":""player"",""type"":""address""},{""indexed"":false,""name"":""value"",""type"":""uint256""},{""indexed"":false,""name"":""place"",""type"":""uint8""},{""indexed"":false,""name"":""betPrice"",""type"":""uint256""},{""indexed"":false,""name"":""amount"",""type"":""uint256""},{""indexed"":false,""name"":""betValue"",""type"":""uint256""}]"
1c15fecf7e02abab6ddfc04504224ff6a9cfa6c0fbaaae4eed835ac0786fc9fb,OnGotMoney,"[{""indexed"":true,""name"":""source"",""type"":""address""},{""indexed"":false,""name"":""value"",""type"":""uint256""}]"
f93679ce590194aca8e3b7bae6b49f6bbcb8e805a9304f1007e76b80ed88ffa4,OnSendRef,"[{""indexed"":true,""name"":""ref"",""type"":""address""},{""indexed"":false,""name"":""value"",""type"":""uint256""},{""indexed"":false,""name"":""timestamp"",""type"":""uint256""},{""indexed"":true,""name"":""player"",""type"":""address""},{""indexed"":true,""name"":""payStation"",""type"":""address""}]"
448ac9d0b6fa10af70a395b7ea0e2959f605b9c71e08569ba806bf8a4f417ea3,TokenPerEtherUpdated,"[{""indexed"":false,""name"":""_newValue"",""type"":""uint256""}]"
e14916b4c867f32e91547d295f9b845b805d5b8c813daa3adbc1597f80a0c5eb,SaleSuspended,[]
bce3cc672456937708767d1642a17cacb1962753bd5cff46c8dbd377906a6b4b,TokensReclaimed,"[{""indexed"":false,""name"":""_amount"",""type"":""uint256""}]"
624adc4c72536289dd9d5439ccdeccd8923cb9af95fb626b21935447c77b8407,OwnershipTransferCompleted,"[{""indexed"":true,""name"":""_newOwner"",""type"":""address""}]"
5e141f0f2db9b2fa0d44e60384103676292be03cac75671374ea23e719dcd64b,OffchainResult4,"[{""indexed"":true,""name"":""id"",""type"":""uint256""},{""indexed"":true,""name"":""subscriber"",""type"":""address""},{""indexed"":true,""name"":""provider"",""type"":""address""},{""indexed"":false,""name"":""response1"",""type"":""string""},{""indexed"":false,""name"":""response2"",""type"":""string""},{""indexed"":false,""name"":""response3"",""type"":""string""},{""indexed"":false,""name"":""response4"",""type"":""string""}]"
10cd0837c48b7daca59ad3bbdbdc193ea84eea36bfde21b4c4b0960ab41b9f2f,DataPurchase,"[{""indexed"":true,""name"":""provider"",""type"":""address""},{""indexed"":true,""name"":""subscriber"",""type"":""address""},{""indexed"":false,""name"":""publicKey"",""type"":""uint256""},{""indexed"":true,""name"":""amount"",""type"":""uint256""},{""indexed"":false,""name"":""endpointParams"",""type"":""bytes32[]""},{""indexed"":false,""name"":""endpoint"",""type"":""bytes32""}]"
c65a3f767206d2fdcede0b094a4840e01c0dd0be1888b5ba800346eaa0123c16,Issue,"[{""indexed"":true,""name"":""to"",""type"":""address""},{""indexed"":false,""name"":""tokens"",""type"":""uint256""}]"
7ba114ff3d9844510a088eea94cd35562e7c97a2d36a418b37b2e61e5c77affe,ShareholderRemoved,"[{""indexed"":false,""name"":""shareholder"",""type"":""address""}]"
f8ccb027dfcd135e000e9d45e6cc2d662578a8825d4c45b5e32e0adf67e79ec6,AdminTransferred,"[{""indexed"":true,""name"":""previousAdmin"",""type"":""address""},{""indexed"":true,""name"":""newAdmin"",""type"":""address""}]"
032bc66be43dbccb7487781d168eb7bda224628a3b2c3388bdf69b532a3a1611,Locked,"[{""indexed"":false,""name"":""lockTime"",""type"":""uint256""}]"
3990db2d31862302a685e8086b5755072a6e2b5b780af1ee81ece35ee3cd3345,Sent,"[{""indexed"":false,""name"":""from"",""type"":""address""},{""indexed"":false,""name"":""to"",""type"":""address""},{""indexed"":false,""name"":""amount"",""type"":""uint256""}]"
69741cc3ec0270f258feb6b53b42ef1e7d2251a3c8eea4f6ba1f72bd4b7beba7,Incoming,"[{""indexed"":true,""name"":""id"",""type"":""uint256""},{""indexed"":true,""name"":""provider"",""type"":""address""},{""indexed"":true,""name"":""subscriber"",""type"":""address""},{""indexed"":false,""name"":""query"",""type"":""string""},{""indexed"":false,""name"":""endpoint"",""type"":""bytes32""},{""indexed"":false,""name"":""endpointParams"",""type"":""bytes32[]""},{""indexed"":false,""name"":""onchainSubscriber"",""type"":""bool""}]"
9f77e7a9a5b13a5eb3acd7d32b8bffc55d7eb27f4ac09a5b804feaf2bab4c74d,OffchainResponseInt,"[{""indexed"":true,""name"":""id"",""type"":""uint256""},{""indexed"":true,""name"":""subscriber"",""type"":""address""},{""indexed"":true,""name"":""provider"",""type"":""address""},{""indexed"":false,""name"":""response"",""type"":""int256[]""}]"
6719d08c1888103bea251a4ed56406bd0c3e69723c8a1686e017e7bbe159b6f8,PauserAdded,"[{""indexed"":true,""name"":""account"",""type"":""address""}]"
5d15dbf2e2e3132b5a4fa750a08fbdc88bde1149224a6b1de740e50804707ef2,OffchainResult3,"[{""indexed"":true,""name"":""id"",""type"":""uint256""},{""indexed"":true,""name"":""subscriber"",""type"":""address""},{""indexed"":true,""name"":""provider"",""type"":""address""},{""indexed"":false,""name"":""response1"",""type"":""string""},{""indexed"":false,""name"":""response2"",""type"":""string""},{""indexed"":false,""name"":""response3"",""type"":""string""}]"
01aa7d984ab9ef683cf842c6260f8c3d4e2c2c4a32bfa5120bf0f6bcd51225f0,RevertCancelation,"[{""indexed"":true,""name"":""id"",""type"":""uint256""},{""indexed"":true,""name"":""subscriber"",""type"":""address""},{""indexed"":true,""name"":""provider"",""type"":""address""}]"
e27dcf9b3b50e7d3af96f88c64ebd7307cdef3359182881bfe7210b42433a449,DataSubscriptionEnd,"[{""indexed"":true,""name"":""provider"",""type"":""address""},{""indexed"":true,""name"":""subscriber"",""type"":""address""},{""indexed"":true,""name"":""terminator"",""type"":""uint8""}]"
2738c9bd1693cadc7b4fabefd6467b42f901650c7401bad1076dbc984f4b15d0,Escrowed,"[{""indexed"":true,""name"":""holder"",""type"":""address""},{""indexed"":true,""name"":""oracle"",""type"":""address""},{""indexed"":true,""name"":""endpoint"",""type"":""bytes32""},{""indexed"":false,""name"":""numDots"",""type"":""uint256""}]"
71b39f84e9af6c19dca1e7c7f3d34aadfbd3a7f25b2bd8ea8e54fc1427684601,LockCompanyReserve,"[{""indexed"":true,""name"":""purchaser"",""type"":""address""},{""indexed"":false,""name"":""tokens"",""type"":""uint256""}]"
398c4a454ceb8b7e1c7c0ced6dd7996efdf81b230076c0f93e68f90d2e795065,LockStrategicPartners,"[{""indexed"":true,""name"":""purchaser"",""type"":""address""},{""indexed"":false,""name"":""tokens"",""type"":""uint256""}]"
a14d191ca4f53bfcf003c65d429362010a2d3d68bc0c50cce4bdc0fccf661fb0,PausePublic,"[{""indexed"":false,""name"":""newState"",""type"":""bool""}]"
dd0e51ca9fe6a0a8495a0bf28a5d74796714159e4b9e392618596ba572835e31,OnWithdrawWin,"[{""indexed"":true,""name"":""player"",""type"":""address""},{""indexed"":false,""name"":""value"",""type"":""uint256""}]"
ab87ee58875b66771b8b92659121a9e642a60745aa5a9b000ac2a982df65f35b,OnYJPCharged,"[{""indexed"":false,""name"":""value"",""type"":""uint256""}]"
91061ecd2174c2cc1d71dde610d511ba85de327d6d30ed0f257699d6a7a9a7f5,OnPrizeFunded,"[{""indexed"":false,""name"":""value"",""type"":""uint256""}]"
bfd80b7518d12673941ad7d48fad1285bd1517a70cf69fc217bab6136d2426c3,OnBossPayed,"[{""indexed"":true,""name"":""boss"",""type"":""address""},{""indexed"":false,""name"":""value"",""type"":""uint256""},{""indexed"":false,""name"":""timestamp"",""type"":""uint256""}]"
96c4fc31a3e383225857c821101daf68248108597da8ddde0ac2b431eb9a16be,NewProvider,"[{""indexed"":true,""name"":""provider"",""type"":""address""},{""indexed"":true,""name"":""title"",""type"":""bytes32""}]"
838a23ac9e96487355a252492b0598f7ff9a62dc533be533083f9d87d8ed8281,TokenMinUpdated,"[{""indexed"":false,""name"":""_newValue"",""type"":""uint256""}]"
bcbdbf400d5c713d9679ffa947f717848591ab5a7d1608c49119db603c4942cb,SaleResumed,[]
f06d2ea62202cdc3fe76575c895b2d6e5463556b289a3e1eb5fd135bb81c5561,PriceAddressUpdated,"[{""indexed"":true,""name"":""_newAddress"",""type"":""address""}]"
670699162ea7ba4de638b5a57c2148aed9ee8bd69740a5e6a7db727e3886c88b,OwnershipTransferCanceled,[]
99affe65171b929cf897471b0e82d82c6cc3406b53fdbc068ea3b174e7713176,BalanceAdj,"[{""indexed"":true,""name"":""module"",""type"":""address""},{""indexed"":true,""name"":""account"",""type"":""address""},{""indexed"":false,""name"":""amount"",""type"":""uint256""},{""indexed"":false,""name"":""polarity"",""type"":""string""}]"
13a4b3bc0d5234dd3d87c9f1557d8faefa37986da62c36ba49309e2fb2c9aec4,OwnershipRequested,"[{""indexed"":true,""name"":""by"",""type"":""address""},{""indexed"":true,""name"":""to"",""type"":""address""}]"
f7189b85d7899f5a32d733e6584c4f1dcdff0274f09d969d186c1797673ede11,IssuerSet,"[{""indexed"":true,""name"":""previousIssuer"",""type"":""address""},{""indexed"":true,""name"":""newIssuer"",""type"":""address""}]"
3082c1c4977de80c4f67ee77b56b282610ec93a7ecbcc31b551e0ac2f7bd0395,ShareholderAdded,"[{""indexed"":false,""name"":""shareholder"",""type"":""address""}]"
2db20f98d36a97aa078668643f592267ebd457e78aef1dbefb3611e17efe691f,statusGame,"[{""indexed"":false,""name"":""message"",""type"":""string""}]"
b733e6a60f8bbfac7c0e4ef184f7abd0dca1f382614bc01852c369aab3801252,LaunchContract,"[{""indexed"":true,""name"":""_launcher"",""type"":""address""},{""indexed"":false,""name"":""_launched"",""type"":""bool""}]"
5c8c3cd7f133514cb4966ce3ab25809474f3352a9b3a6abed4ff3e98bbf75159,MintTokens,"[{""indexed"":true,""name"":""_minter"",""type"":""address""},{""indexed"":false,""name"":""_amount"",""type"":""uint256""},{""indexed"":true,""name"":""_minted"",""type"":""bool""}]"
e8fd3c22d82ce4b5a0addda04f808686ef3d592b33cadc8435ce17dc106ced6c,Bound,"[{""indexed"":true,""name"":""holder"",""type"":""address""},{""indexed"":true,""name"":""oracle"",""type"":""address""},{""indexed"":true,""name"":""endpoint"",""type"":""bytes32""},{""indexed"":false,""name"":""numZap"",""type"":""uint256""},{""indexed"":false,""name"":""numDots"",""type"":""uint256""}]"
2afa253d0464d87b039f71a6964ed5c028a3a3c68048d909fbee4b1610756e79,Released,"[{""indexed"":true,""name"":""holder"",""type"":""address""},{""indexed"":true,""name"":""oracle"",""type"":""address""},{""indexed"":true,""name"":""endpoint"",""type"":""bytes32""},{""indexed"":false,""name"":""numDots"",""type"":""uint256""}]"
c139d49f05d574c44ade2e84d6e5ddbab8d65a476d7244af01a64b247788c297,StorageModified,"[{""indexed"":true,""name"":""contractAddress"",""type"":""address""},{""indexed"":false,""name"":""allowed"",""type"":""bool""}]"
f16f69d181cb9b84ef2392d232ea0726dcf57689ccb091c7ff89e8b913148062,UpdatedDependencies,"[{""indexed"":false,""name"":""timestamp"",""type"":""uint256""},{""indexed"":false,""name"":""contractName"",""type"":""string""},{""indexed"":false,""name"":""contractAddr"",""type"":""address""}]"
1466d4e2c17718222b4ada7f7cbc8907912d6083fdaf34382703d6a9602eef55,UpgradedTo,"[{""indexed"":true,""name"":""implementation"",""type"":""address""}]"
62e78cea01bee320cd4e420270b5ea74000d11b0c9f74754ebdbfc544b05a258,Paused,"[{""indexed"":false,""name"":""account"",""type"":""address""}]"
cd265ebaf09df2871cc7bd4133404a235ba12eff2041bb89d9c714a2621c7c7e,PauserRemoved,"[{""indexed"":true,""name"":""account"",""type"":""address""}]"
96bf850214e832f3d463d74cdf933b2aa73175e078496bd11f5e8afaeb2bbb9c,ModuleSet,"[{""indexed"":true,""name"":""module"",""type"":""address""},{""indexed"":true,""name"":""set"",""type"":""bool""}]"
9209cd2cbd1e5c7387e2391442ee1022a03b0073deaa086c0543e766295fa668,VestingTransfer,"[{""indexed"":true,""name"":""_recipient"",""type"":""address""},{""indexed"":true,""name"":""_lock"",""type"":""address""},{""indexed"":true,""name"":""_vesting"",""type"":""uint32""},{""indexed"":false,""name"":""_amount"",""type"":""uint256""}]"
7cf7183798dfd53bd728d37de0994619acee1ab3ec15e3267bd4f263fa85214f,LockInvestor,"[{""indexed"":true,""name"":""purchaser"",""type"":""address""},{""indexed"":false,""name"":""tokens"",""type"":""uint256""}]"
7b6c9c24b629f692102f42f21186d09bd771fe8f5228381d22e6d64bcfb86059,LockCashBack,"[{""indexed"":true,""name"":""purchaser"",""type"":""address""},{""indexed"":false,""name"":""tokens"",""type"":""uint256""}]"
bace9fd79d5ea02ed8b43fa96af07e4e8f859a2f71ff878c748f5c22c5780284,OnWithdraw,"[{""indexed"":true,""name"":""referrer"",""type"":""address""},{""indexed"":false,""name"":""value"",""type"":""uint256""}]"
605e9a3a858d9c423b3d2494ca38bc93b6db88f81905a48c89b6deeee177a689,OnNTSCharged,"[{""indexed"":false,""name"":""value"",""type"":""uint256""}]"
2af6f770e2c966c5a4d31350690f97496224985197b1342ec3a35ea32620b617,OnCorrect,"[{""indexed"":false,""name"":""value"",""type"":""uint256""}]"
56c3bab9774f079d7833aa80ed2eb486f8216bf2a0c156836748ad21e66c3f63,OnNewRefPayStation,"[{""indexed"":false,""name"":""newAddress"",""type"":""address""},{""indexed"":false,""name"":""timestamp"",""type"":""uint256""}]"
6b361c807733cc94a3b7bda39c1c94dcc0511e91aa47b0f7f918068e93976890,TokenPriceUpdated,"[{""indexed"":false,""name"":""_newValue"",""type"":""uint256""}]"
0428ca271a7bee83fddcf583de5ba0a5a69f42cbe32587b07bb38925ed96de8d,WalletAddressUpdated,"[{""indexed"":true,""name"":""_newAddress"",""type"":""address""}]"
8fafebcaf9d154343dad25669bfa277f4fbacd7ac6b0c4fed522580e040a0f33,TokensPurchased,"[{""indexed"":true,""name"":""_beneficiary"",""type"":""address""},{""indexed"":false,""name"":""_cost"",""type"":""uint256""},{""indexed"":false,""name"":""_tokens"",""type"":""uint256""}]"
20f5afdf40bf7b43c89031a5d4369a30b159e512d164aa46124bcb706b4a1caf,OwnershipTransferInitiated,"[{""indexed"":true,""name"":""_proposedOwner"",""type"":""address""}]"
b64971100522354f3d25283cb14e2eefcb0dd26a757482ccfe42479d0a686857,VerifiedAddressSuperseded,"[{""indexed"":true,""name"":""original"",""type"":""address""},{""indexed"":true,""name"":""replacement"",""type"":""address""},{""indexed"":true,""name"":""sender"",""type"":""address""}]"
7bc15082cf539fecd9e12596dc8e4e77c17a81fccc2c267b626af583162232a2,IssueFinished,[]
8934ce4adea8d9ce0d714d2c22b86790e41b7731c84b926fbbdc1d40ff6533c9,OwnerTransferred,"[{""indexed"":true,""name"":""oldOwner"",""type"":""address""},{""indexed"":true,""name"":""newOwner"",""type"":""address""}]"
6675173a8fe1b89f5898691dfddeaf1677f56a1ec486d2643c36a42643a3d6e8,TransferredOwner,"[{""indexed"":true,""name"":""previousOwner"",""type"":""address""},{""indexed"":true,""name"":""newOwner"",""type"":""address""}]"
c77636fc4a62a1fa193ef538c0b7993a1313a0d9c0a9173058cebcd3239ef7b5,PauseOwnerAdmin,"[{""indexed"":false,""name"":""newState"",""type"":""bool""}]"
47c3a4326bcefe02bd9f761beb0b842dccdb313c11efa75e802dd5da3024b76f,BuyerAdded,"[{""indexed"":false,""name"":""from"",""type"":""address""},{""indexed"":false,""name"":""name"",""type"":""string""},{""indexed"":false,""name"":""country"",""type"":""string""},{""indexed"":false,""name"":""city"",""type"":""string""},{""indexed"":false,""name"":""b_address"",""type"":""string""},{""indexed"":false,""name"":""mobile"",""type"":""string""}]"
bce4e3638ca0442dab62b0194ce60c937db5d7d2b424181a9703c8c29968a33d,MasternodePriceChanged,"[{""indexed"":false,""name"":""price"",""type"":""uint256""}]"
60b9c649cd4eb0d02bcdc2d69fd86d12022c0bf7ff8aa61e5ac0bc121fc3cac0,Unbound,"[{""indexed"":true,""name"":""holder"",""type"":""address""},{""indexed"":true,""name"":""oracle"",""type"":""address""},{""indexed"":true,""name"":""endpoint"",""type"":""bytes32""},{""indexed"":false,""name"":""numDots"",""type"":""uint256""}]"
8ce63c9cd119808de8fe6e9629b631f115a967dd2cfd274bca3f6b9486745bf7,Returned,"[{""indexed"":true,""name"":""holder"",""type"":""address""},{""indexed"":true,""name"":""oracle"",""type"":""address""},{""indexed"":true,""name"":""endpoint"",""type"":""bytes32""},{""indexed"":false,""name"":""numDots"",""type"":""uint256""}]"
add7c8d34ea3b815721e4441e9d375f523912507ae885dfabba0d2e892ca350c,NewCurve,"[{""indexed"":true,""name"":""provider"",""type"":""address""},{""indexed"":true,""name"":""endpoint"",""type"":""bytes32""},{""indexed"":false,""name"":""curve"",""type"":""int256[]""},{""indexed"":true,""name"":""broker"",""type"":""address""}]"
6e11fb1b7f119e3f2fa29896ef5fdf8b8a2d0d4df6fe90ba8668e7d8b2ffa25e,Approve,"[{""indexed"":true,""name"":""_owner"",""type"":""address""},{""indexed"":true,""name"":""_spender"",""type"":""address""},{""indexed"":false,""name"":""_amount"",""type"":""uint256""}]"
c3e001743abfdd0d6211f3f5a9b1c44730bf9e7749eca89cc0f5d221c2254db2,UnFreezeTransfers,"[{""indexed"":true,""name"":""_invoker"",""type"":""address""},{""indexed"":false,""name"":""_thawed"",""type"":""bool""}]"
76d6da6753083b5bccfca2e5ae0f430000daba1093ba4e3fff7b4e82f4b54ab6,TokenMintingEnabled,"[{""indexed"":true,""name"":""_invoker"",""type"":""address""},{""indexed"":true,""name"":""_enabled"",""type"":""bool""}]"
1051b92bbfac380879e24c0529d529db8a2eec4e2f07c580112ebe1fd066c3c5,UpdatedContract,"[{""indexed"":false,""name"":""name"",""type"":""string""},{""indexed"":false,""name"":""previousAddr"",""type"":""address""},{""indexed"":false,""name"":""newAddr"",""type"":""address""}]"
0ec497a8ae5b1ba29c60470ef651def995fac3deebbdcc56c47a4e5f51a4c2bd,LogWithdrawal,"[{""indexed"":false,""name"":""withdrawer"",""type"":""address""},{""indexed"":false,""name"":""withdrawalAccount"",""type"":""address""},{""indexed"":false,""name"":""amount"",""type"":""uint256""}]"
67b25f942bae0532e9fd9cf32dc107fb42e6c268885aa3b9fc65c5158e77e96a,Transaction,"[{""indexed"":true,""name"":""destination"",""type"":""address""},{""indexed"":false,""name"":""value"",""type"":""uint256""},{""indexed"":false,""name"":""data"",""type"":""bytes""}]"
94e8b32e01b9eedfddd778ffbd051a7718cdc14781702884561162dca6f74dbb,OwnershipRemoved,[]
cf438c0e946a896e518cb09021af32f92e31a26685a9ab0fb4abbbe7629dc8fe,onTakeCapital,"[{""indexed"":true,""name"":""capitalAddress"",""type"":""address""},{""indexed"":false,""name"":""marketingAddress"",""type"":""address""},{""indexed"":false,""name"":""devAddress"",""type"":""address""},{""indexed"":false,""name"":""capitalEth"",""type"":""uint256""},{""indexed"":false,""name"":""marketingEth"",""type"":""uint256""},{""indexed"":false,""name"":""devEth"",""type"":""uint256""},{""indexed"":true,""name"":""senderAddress"",""type"":""address""},{""indexed"":false,""name"":""timestamp"",""type"":""uint256""}]"
692dc3dcfda35810d81bc050d274b14aa6e9887500829aad11b4cbbe121f58e1,OrderPlace,"[{""indexed"":true,""name"":""id"",""type"":""uint256""},{""indexed"":false,""name"":""quantity"",""type"":""uint256""},{""indexed"":false,""name"":""product_index"",""type"":""uint256""},{""indexed"":false,""name"":""name"",""type"":""string""},{""indexed"":false,""name"":""buyer"",""type"":""address""},{""indexed"":false,""name"":""seller"",""type"":""address""}]"
9d55b0349a0a4c5b511f72228170bb91d45c9ac78dba8ab5b4175d3ed42f06b3,ImplChangeConfirmed,"[{""indexed"":false,""name"":""_lockId"",""type"":""bytes32""},{""indexed"":false,""name"":""_newImpl"",""type"":""address""}]"
de5f884b0afee90f5dc32f5b060da217825132c40b348794e2f0693e6b5e513c,MasternodeSold,"[{""indexed"":false,""name"":""buyer"",""type"":""address""},{""indexed"":false,""name"":""price"",""type"":""uint256""},{""indexed"":false,""name"":""coinsTargetAddress"",""type"":""string""},{""indexed"":false,""name"":""referral"",""type"":""bool""}]"
94c0c9648f44e27ff77f68e457219cb803cf319b29a83403156a3ef21747101e,RefundETH,"[{""indexed"":true,""name"":""owner"",""type"":""address""},{""indexed"":true,""name"":""payee"",""type"":""address""},{""indexed"":false,""name"":""amount"",""type"":""uint256""}]"
bac40739b0d4ca32fa2d82fc91630465ba3eddd1598da6fca393b26fb63b9453,Burn,"[{""indexed"":true,""name"":""from"",""type"":""address""},{""indexed"":true,""name"":""burner"",""type"":""address""},{""indexed"":false,""name"":""value"",""type"":""uint256""}]"
41252b5516e360af0b8b87ebdbf199c8712348de6f1d70c42bee7a859cde9536,FreezeTransfers,"[{""indexed"":true,""name"":""_invoker"",""type"":""address""},{""indexed"":false,""name"":""_frozen"",""type"":""bool""}]"
a6846026c4702d5e704d78db0856515d2b46ef6fe3af6dc2d1fce72acb581712,TokenMintingDisabled,"[{""indexed"":true,""name"":""_invoker"",""type"":""address""},{""indexed"":true,""name"":""_disabled"",""type"":""bool""}]"
fcaaa84d08ea73eb94668d500179e9f94f2ffb2ffd6ccac3b9b58d20bd421395,CreateBTR,"[{""indexed"":true,""name"":""_to"",""type"":""address""},{""indexed"":false,""name"":""_value"",""type"":""uint256""}]"
90f94646965a0138324bb7ec4ddd2aa00d863d71e08da3f62473bfd6d1be8647,LogBid,"[{""indexed"":false,""name"":""bidder"",""type"":""address""},{""indexed"":false,""name"":""highestBidder"",""type"":""address""},{""indexed"":false,""name"":""oldHighestBindingBid"",""type"":""uint256""},{""indexed"":false,""name"":""highestBindingBid"",""type"":""uint256""}]"
884edad9ce6fa2440d8a54cc123490eb96d2768479d49ff9c7366125a9424364,Withdraw,"[{""indexed"":false,""name"":""owner"",""type"":""address""},{""indexed"":false,""name"":""amount"",""type"":""uint256""}]"
3be613ce338491a381c7936fac8c7dfc6a509105d42193c76f47e9ad0c3c14e7,ProductAdded,"[{""indexed"":true,""name"":""id"",""type"":""uint256""},{""indexed"":false,""name"":""seller"",""type"":""address""},{""indexed"":false,""name"":""name"",""type"":""string""},{""indexed"":false,""name"":""image"",""type"":""string""},{""indexed"":false,""name"":""price"",""type"":""uint256""},{""indexed"":false,""name"":""detail"",""type"":""string""}]"
5df12834436b8dc248df3f7f1796a3e39f851d610be49cdcd92514fa821b9f97,ImplChangeRequested,"[{""indexed"":false,""name"":""_lockId"",""type"":""bytes32""},{""indexed"":false,""name"":""_msgSender"",""type"":""address""},{""indexed"":false,""name"":""_proposedImpl"",""type"":""address""}]"
3f6a300e641007b6c88b17485d36e2d83c20409a1c5e79bfa1f4eb69ea094695,ReferralAdded,"[{""indexed"":false,""name"":""buyer"",""type"":""address""},{""indexed"":false,""name"":""parent"",""type"":""address""}]"
ab8530f87dc9b59234c4623bf917212bb2536d647574c8e7e5da92c2ede0c9f8,Mint,"[{""indexed"":true,""name"":""to"",""type"":""address""},{""indexed"":true,""name"":""minter"",""type"":""address""},{""indexed"":false,""name"":""value"",""type"":""uint256""}]"
a1e4855d49b75f7254460c3e0a5572cde83f71d659655bcef5319969068d5a63,RefundERC20,"[{""indexed"":true,""name"":""owner"",""type"":""address""},{""indexed"":true,""name"":""payee"",""type"":""address""},{""indexed"":true,""name"":""token"",""type"":""address""},{""indexed"":false,""name"":""amount"",""type"":""uint256""}]"
b1bce97f8be88c355b0458bd4f8d467e824f8fd98fb7bd9ec593e7087f4826cc,PlantedRoot,"[{""indexed"":true,""name"":""player"",""type"":""address""},{""indexed"":false,""name"":""eth"",""type"":""uint256""},{""indexed"":false,""name"":""pecan"",""type"":""uint256""},{""indexed"":false,""name"":""treesize"",""type"":""uint256""}]"
c02ed1d39bd99763292fa8dba3ad440709528deeeb558d662a36c708d4f9f937,GavePecan,"[{""indexed"":true,""name"":""player"",""type"":""address""},{""indexed"":false,""name"":""eth"",""type"":""uint256""},{""indexed"":false,""name"":""pecan"",""type"":""uint256""}]"
66d719fd9a238e953605aae7cda2d103ec74d8fdadbf451ca38c93fb22e17393,ClaimedShare,"[{""indexed"":true,""name"":""player"",""type"":""address""},{""indexed"":false,""name"":""eth"",""type"":""uint256""},{""indexed"":false,""name"":""pecan"",""type"":""uint256""}]"
c0005dc7e9e091d3e43cc9cb0b7b99ed7c9a763646e0e815ccc3a7d6ac8d6f10,GrewTree,"[{""indexed"":true,""name"":""player"",""type"":""address""},{""indexed"":false,""name"":""eth"",""type"":""uint256""},{""indexed"":false,""name"":""pecan"",""type"":""uint256""},{""indexed"":false,""name"":""boost"",""type"":""uint256""}]"
beb61b2087f6238609c06286d1665e5e096b911589e7aaed8187aa07e1d9d2cb,WonRound,"[{""indexed"":true,""name"":""player"",""type"":""address""},{""indexed"":true,""name"":""round"",""type"":""uint256""},{""indexed"":false,""name"":""eth"",""type"":""uint256""}]"
3b57c8ab659a2ed2a5b1674c7197d3cfefb18665ee17600906500f02dd3a306c,WithdrewBalance,"[{""indexed"":true,""name"":""player"",""type"":""address""},{""indexed"":false,""name"":""eth"",""type"":""uint256""}]"
fd2b287395e90cf1891bf11bd61ab2c174577b8854eb26c5d22c6321f969387d,PaidThrone,"[{""indexed"":true,""name"":""player"",""type"":""address""},{""indexed"":false,""name"":""eth"",""type"":""uint256""}]"
02ab1e41f7e6cab4a9e4ccd1f35f0cf0d843cb000f1251dfb0eec75ba3538617,BoostedPot,"[{""indexed"":true,""name"":""player"",""type"":""address""},{""indexed"":false,""name"":""eth"",""type"":""uint256""}]"
97c35397cb6acebd9df368c206404479fc4c80dd6034d1b28943aaf582631870,FundTransfer,"[{""indexed"":false,""name"":""backer"",""type"":""address""},{""indexed"":false,""name"":""amount"",""type"":""uint256""}]"
8f92adaa5be8faa52d366932bbe2501562c749eef2dfb88fa7bbc99038e0015e,onTimeup,"[{""indexed"":false,""name"":""round"",""type"":""uint256""},{""indexed"":false,""name"":""lastBuyer"",""type"":""address""}]"
cca13628a39fb6f93b19dcd48c288605d535eb491cacb43ab1a509aec720785a,TransferWithLockEvt,"[{""indexed"":true,""name"":""from"",""type"":""address""},{""indexed"":true,""name"":""to"",""type"":""address""},{""indexed"":false,""name"":""value"",""type"":""uint256""},{""indexed"":false,""name"":""lockTime"",""type"":""uint32""}]"
3ea43d7cccef4082f1b722579c174bffc4fed08469258b70da775c6909aa7b28,NewInvestor,"[{""indexed"":false,""name"":""_addr"",""type"":""address""},{""indexed"":false,""name"":""_amount"",""type"":""uint256""}]"
8a7eaad672c52c2966090bc8f26a335bf67d8d1d442189f2f7e430c26aab99ec,NewInvestment,"[{""indexed"":false,""name"":""_addr"",""type"":""address""},{""indexed"":false,""name"":""_amount"",""type"":""uint256""}]"
28968b4d1fad9f3e651bf12ae7ae8581411755b430bd83a24d38eb700e4b011f,UpgradeStart,[]
bb28353e4598c3b9199101a66e0989549b659a59a54d2c27fbb183f1932c8e6d,Refund,"[{""indexed"":false,""name"":"""",""type"":""address""},{""indexed"":false,""name"":"""",""type"":""uint256""}]"
14245ee125d3810a2a28f6b656b676516364a51e95a688ddf08af4194fc3db12,InvestStart,[]
a968378e910134ded7db0a5144e2c6a2d157f1685baa51f39de6c13a5e8ffa89,ContractResume,[]
5f6f015054fd8937bdf17b86b7684be4ae883d459fb0bec23bc11f75a13b5944,ForgeStop,[]
4f2723059e5730f1d4ffa943789d401722067ca1121b828944c6965dbd303e08,TransferAdminship,"[{""indexed"":false,""name"":""newAdminister"",""type"":""address""}]"
b4d1971fab77c7179a15c1d5959be5ccdf22f58dc394dfab76d4f27098d981df,FrozenFunds,"[{""indexed"":false,""name"":""_taget"",""type"":""address""},{""indexed"":false,""name"":""_value"",""type"":""uint256""}]"
b6b09d42fae5c5eedc2e2b4c72342ea7f76d69f00732b2183cf65d40b5afaeb3,AirdropToken,"[{""indexed"":true,""name"":""to"",""type"":""address""},{""indexed"":false,""name"":""amount"",""type"":""uint256""}]"
ce241d7ca1f669fee44b6fc00b8eba2df3bb514eed0f6f668f8f89096e81ed94,LogSetOwner,"[{""indexed"":true,""name"":""owner"",""type"":""address""}]"
713eb400302cebac61f82eb8de5051d38458517ffac43ae45f4a9fd5d09ee698,Frozen,"[{""indexed"":true,""name"":""_owner"",""type"":""address""},{""indexed"":false,""name"":""_flag"",""type"":""bool""}]"
da84ca523e65a39beaa85c1f93349aba4e04c415623fe52708ef78d2c20f6e95,onSplit,"[{""indexed"":false,""name"":""round"",""type"":""uint256""},{""indexed"":false,""name"":""luckyNumber"",""type"":""uint256""},{""indexed"":false,""name"":""luckyPlayer"",""type"":""address""}]"
78aeba75a592a047c5d789e82fddc00e31abcc62ca5c98e67649a3d8f3fe9fb3,RefererBonus,"[{""indexed"":false,""name"":""_from"",""type"":""address""},{""indexed"":false,""name"":""_to"",""type"":""address""},{""indexed"":false,""name"":""_amount"",""type"":""uint256""},{""indexed"":false,""name"":""_revenue"",""type"":""uint256""},{""indexed"":false,""name"":""_level"",""type"":""uint256""}]"
e8b9cdcd030b96ed725451d0a35c893b3c2e7dd8d8dfcb47d7d15443ef81fc1f,ChangeBalance,"[{""indexed"":false,""name"":""_balance"",""type"":""uint256""}]"
22e6de62acad655dbe35cea5e534f6d5b5fd376e597e6163f29f49f691b00de3,SetRefund,"[{""indexed"":false,""name"":"""",""type"":""address""},{""indexed"":false,""name"":"""",""type"":""uint256""}]"
31a51b3f3da1c639dced656c0599662c31b7a9822ed27f4079befb25036f66d5,FinishUpgrade,[]
4a1179f4d7ff6354606313c42f6054383e9549f9db56ac4b66b424bc940f79ed,NewInvest,"[{""indexed"":false,""name"":""release_start"",""type"":""uint256""},{""indexed"":false,""name"":""release_duration"",""type"":""uint256""}]"
b7e43176b89d4cefed0cca5fc9b2f8e752d3d192b83123ef306a0a55dcd18a6b,ContractPause,[]
a039c7af624b7305fc7002f670d116cf0c8b61a558a10ff96be611c5c2357517,ForgeStart,[]
fc952dd6557f6861208ba39acbc0cfe5b4f12e76e6b467ed4200003f2b0cd8b0,FoundationOwnershipTransferred,"[{""indexed"":true,""name"":""oldFoundationOwner"",""type"":""address""},{""indexed"":true,""name"":""newFoundationOwner"",""type"":""address""}]"
47d1c22a25bb3a5d4e481b9b1e6944c2eade3181a0a20b495ed61d35b5323f24,SignerAdded,"[{""indexed"":true,""name"":""account"",""type"":""address""}]"
70e3fffea7bbb557facdee48ed7f7af5179030adef9ad0c876df039a718f359e,Unlock,[]
644843f351d3fba4abcd60109eaff9f54bac8fb8ccf0bab941009c21df21cf31,LogNote,"[{""indexed"":true,""name"":""sig"",""type"":""bytes4""},{""indexed"":true,""name"":""guy"",""type"":""address""},{""indexed"":true,""name"":""foo"",""type"":""bytes32""},{""indexed"":true,""name"":""bar"",""type"":""bytes32""},{""indexed"":false,""name"":""wad"",""type"":""uint256""},{""indexed"":false,""name"":""fax"",""type"":""bytes""}]"
8e3920246af127aa785e17f89ad06fb2abb23b5496373c6ffd8fdb71bef2504e,DebitEvt,"[{""indexed"":false,""name"":""contractor"",""type"":""address""},{""indexed"":false,""name"":""amount"",""type"":""uint256""},{""indexed"":false,""name"":""commission"",""type"":""uint256""},{""indexed"":false,""name"":""date"",""type"":""uint256""}]"
232033aa00cdc2e9205a0e3a1063da78353d21cd7724a0444927c906da0e0216,UpgradeStop,[]
16b5fc7c36431451ea7ff18fe108b2a159992ef2a5b74d44613ff6749a2296af,SetFoundation,"[{""indexed"":false,""name"":"""",""type"":""uint256""}]"
7b027a29d1a4d4d2e0a11e04ebd4741452bfbb746ed433855a8f63afc5b20cde,onBuy,"[{""indexed"":true,""name"":""buyerAddress"",""type"":""address""},{""indexed"":false,""name"":""amount"",""type"":""uint256""},{""indexed"":false,""name"":""currentHeight"",""type"":""uint256""}]"
cb7345c2673c75045dfceec7904ad91d0ef79b8b70a70742fc4dd13000ae70d5,onQualifySuccess,"[{""indexed"":false,""name"":""applier"",""type"":""address""}]"
cd16c719d9bfc829719d0e728b877ea1f29c77fd759480f077f4f6bc2a26e025,InvestStop,[]
ac04925986d687f5e264774dac7e393e920d61c9b99e92497853eb519484e4dd,ContractPauseSchedule,"[{""indexed"":false,""name"":""from"",""type"":""uint256""},{""indexed"":false,""name"":""to"",""type"":""uint256""}]"
a2b0867ddc9434a6620c27aae2ee7b19d3db53f3e7f059bdbecc3f2091e24f77,Admined,"[{""indexed"":false,""name"":""administer"",""type"":""address""}]"
3d5222d3130830bb6231c82574bb66524b714afe21265a98f10e938cc1dbff63,CashbackBonus,"[{""indexed"":false,""name"":""_addr"",""type"":""address""},{""indexed"":false,""name"":""_amount"",""type"":""uint256""},{""indexed"":false,""name"":""_revenue"",""type"":""uint256""}]"
c0eb7a138362772da4d1d9adfe7f13a30f35b960c48ae439f3afcd4d08e81452,NewWithdraw,"[{""indexed"":false,""name"":""_addr"",""type"":""address""},{""indexed"":false,""name"":""_amount"",""type"":""uint256""}]"
46620e39f4e119bf05f13544f8ef38338fc06c17f6b731c7f95bee356572db96,Lock,[]
1abebea81bfa2637f28358c371278fb15ede7ea8dd28d2e03b112ff6d936ada4,LogSetAuthority,"[{""indexed"":true,""name"":""authority"",""type"":""address""}]"
d8bd90ecbde6ef0252952da2b2b2f5ec977a24277f8114ae099ecc355a0be8df,ReviewEvt,"[{""indexed"":false,""name"":""reviewer"",""type"":""address""},{""indexed"":false,""name"":""contractor"",""type"":""address""},{""indexed"":false,""name"":""rate"",""type"":""uint256""},{""indexed"":false,""name"":""date"",""type"":""uint256""}]"
3525e22824a8a7df2c9a6029941c824cf95b6447f1e13d5128fd3826d35afe8b,SignerRemoved,"[{""indexed"":true,""name"":""account"",""type"":""address""}]"
ea9415385bae08fe9f6dc457b02577166790cde83bb18cc340aac6cb81b824de,TradeExecute,"[{""indexed"":true,""name"":""sender"",""type"":""address""},{""indexed"":false,""name"":""src"",""type"":""address""},{""indexed"":false,""name"":""srcAmount"",""type"":""uint256""},{""indexed"":false,""name"":""destToken"",""type"":""address""},{""indexed"":false,""name"":""destAmount"",""type"":""uint256""},{""indexed"":false,""name"":""destAddress"",""type"":""address""}]"
4f78c4ceb393a616bbd264a4584a9ad15d722042ce1e135e6a8380217f5cb42b,FeeBpsSet,"[{""indexed"":false,""name"":""feeBps"",""type"":""uint256""}]"
f3a4eb1a6c3b983fe12d22c64be2dbfbb59e47f440aa6e49dc7c8758fc63c72f,CreditEvt,"[{""indexed"":false,""name"":""ticket"",""type"":""address""},{""indexed"":false,""name"":""contractor"",""type"":""address""},{""indexed"":false,""name"":""tType"",""type"":""string""},{""indexed"":false,""name"":""date"",""type"":""uint256""}]"
b26644a233fb32cec2596003fbf2c63036081e53672e5c0b96ab540b738de570,CommissionsChangeEvt,"[{""indexed"":false,""name"":""commissions"",""type"":""uint8[5]""},{""indexed"":false,""name"":""date"",""type"":""uint256""}]"
ec49a3c8c4ae06c18160fe86119c381c9d213ac3e052ff35b594da8687b193c7,ReferrerAdded,"[{""indexed"":true,""name"":""investor"",""type"":""address""},{""indexed"":true,""name"":""referrer"",""type"":""address""}]"
faa4a63f8135e85684de273912ecf6efae3d807cffdf88015c5aa4112801919d,DepositDividendPayed,"[{""indexed"":true,""name"":""investor"",""type"":""address""},{""indexed"":true,""name"":""index"",""type"":""uint256""},{""indexed"":false,""name"":""deposit"",""type"":""uint256""},{""indexed"":false,""name"":""totalPayed"",""type"":""uint256""},{""indexed"":false,""name"":""dividend"",""type"":""uint256""}]"
2fc830d94028b298fd4b7dbe301cdf47799bd13849d7ca4b6f47f199560adc0d,NewWave,[]
987d620f307ff6b94d58743cb7a7509f24071586a77759b77c2d4e29f75a2f9a,Claimed,"[{""indexed"":true,""name"":""user"",""type"":""address""},{""indexed"":false,""name"":""amount"",""type"":""uint256""},{""indexed"":false,""name"":""timestamp"",""type"":""uint256""}]"
3d31cad23498303ffe2fd15a8245f662a4d2a008e34deef8599737a78222ae50,ComponentUpdated,"[{""indexed"":false,""name"":""_name"",""type"":""bytes32""},{""indexed"":false,""name"":""_componentAddress"",""type"":""address""}]"
7d7f00509dd73ac4449f698ae75ccc797895eff5fa9d446d3df387598a26e735,TradeEnabled,"[{""indexed"":false,""name"":""enable"",""type"":""bool""}]"
3ea05f17364a3fbdabda40874f8e3195fbf3507f56f1e19952788c518ae40808,DepositAdded,"[{""indexed"":true,""name"":""investor"",""type"":""address""},{""indexed"":true,""name"":""depositsCount"",""type"":""uint256""},{""indexed"":false,""name"":""amount"",""type"":""uint256""}]"
2899dc8c12def1caa9accb64257cf2fd9f960f21bb27a560a757eae3c2ec43c1,FeePayed,"[{""indexed"":true,""name"":""investor"",""type"":""address""},{""indexed"":false,""name"":""amount"",""type"":""uint256""}]"
1a68b0f2b70c1c2d5af156a2c304519b54484d99472d41a8e71ac0793660ede9,RIP,"[{""indexed"":false,""name"":""owner"",""type"":""address""},{""indexed"":false,""name"":""cutieId"",""type"":""uint40""},{""indexed"":false,""name"":""blockchain"",""type"":""uint256""}]"
38622430bb6defd4452b087e8d0b4a6d1c4d35c179c2d7d875d4abb272b9d88b,KyberNetworkSet,"[{""indexed"":false,""name"":""kyberNetwork"",""type"":""address""}]"
62e6a5118be03f9bfedb79b0ed7ed75ee4a9e15fc4c69d2c4976acde26fa2d5f,InvestorAdded,"[{""indexed"":true,""name"":""investor"",""type"":""address""}]"
5e93d015f6a0a56fff61b5083f27af603f38199c6135fdc2bccf87274d40696c,UserDividendPayed,"[{""indexed"":true,""name"":""investor"",""type"":""address""},{""indexed"":false,""name"":""dividend"",""type"":""uint256""}]"
2f23375908fc16f7e00482a87cc91dd819a6eeaf132264c16a70b71a3205de8a,BalanceChanged,"[{""indexed"":false,""name"":""balance"",""type"":""uint256""}]"